Name of Survey,Title,Doses,Subject,Text,Input type,Input type 2,Minimum,Maximum,Media,Items,ImageFramed,Timeout,ShowButtons,Answer,Notes or questions,Variable name,Conditions,Input Name (if you want to save it),CanBeFavorited,
¡Bienvenido!,¡Bienvenido!,1,Dose,"¡Bienvenido a MindTrails Español! Esta sesión inicial será un poco más larga que las futuras sesiones. Primero se te pedirá que completes algunas encuestas sobre tu salud mental y patrones de pensamiento. Luego, te daremos más información sobre la razón de ser de este programa y explicaremos cómo sacarle el máximo provecho a la aplicación. Al final de esta sesión, tendrás la oportunidad de programar una reunión con el equipo de investigación si tienes alguna pregunta o inquietud. ¿Listo para empezar? Haz clic en el botón Siguiente a continuación para comenzar a completar los cuestionarios.",,,,,,,,,,,,,,,,
Demografía,Demografía,1,Dose,¿Cuál es tu identidad de género?,Buttons,,,,,"Mujer; Hombre; Transgénero de hombre a mujer; Transgénero de mujer a hombre; Otra identidad; Prefiero no responder
",,,,,,,,gender,,
Demografía,Demografía,1,Dose,¿Cuál es tu año de nacimiento?,Picker,,1910,2010,,1910; 1911; 1912; 1913; 1914; 1915; 1916; 1917; 1918; 1919; 1920; 1921; 1922; 1923; 1924; 1925; 1926; 1927; 1928; 1929; 1930; 1931; 1932; 1933; 1934; 1935; 1936; 1937; 1938; 1939; 1940; 1941; 1942; 1943; 1944; 1945; 1946; 1947; 1948; 1949; 1950; 1951; 1952; 1953; 1954; 1955; 1956; 1957; 1958; 1959; 1960; 1961; 1962; 1963; 1964; 1965; 1966; 1967; 1968; 1969; 1970; 1971; 1972; 1973; 1974; 1975; 1976; 1977; 1978; 1979; 1980; 1981; 1982; 1983; 1984; 1985; 1986; 1987; 1988; 1989; 1990; 1991; 1992; 1993; 1994; 1995; 1996; 1997; 1998; 1999; 2000; 2001; 2002; 2003; 2004; 2005; 2006; 2007; 2008; 2009; 2010; ^Prefer not to answer,,,,,,,,birthyear,,
Demografía,Demografía,1,Dose,"¿Cuál es tu raza? Por favor, seleccione todas las respuestas válidas.",Checkbox,,,,,"Indio Americano/Nativo de Alaska; Asiático del Este; Asiático del Sur; Nativo de Hawái/Isleño del Pacífico; Negro/Africano Americano/Origen Africano; Blanco/Origen Europeo; Otro o Desconocido: Prefiero no responder
",,,,,,,,race,,
Demografía,Demografía,1,Dose,¿Cuál es tu etnia?,Buttons,,,,,"Hispano o Latino; No Hispano o Latino; Desconocido; Prefiero no responder
",,,,,,,,ethnicity,,
Demografía,Demografía,1,Dose,¿Cuál es el título o nivel escolar más alto que has obtenido?,Buttons,,,,,"Escuela primaria; 6-8 años de escuela; 9-12 años de escuela, pero sin graduarme; Diploma de escuela secundaria; Algunos créditos universitarios; Título asociado universitario (por ejemplo: AA, AS); Título de licenciatura universitaria (por ejemplo: BA, BS); Algunos créditos de título posgrado; Maestría; M.B.A.; J.D.; M.D.; Ph.D.; Otro título profesional; Prefiero no responder
",,,,,,,,education,,
Demografía,Demografía,1,Dose,¿Cuál es tu estado civil?,Buttons,,,,,"Soltero; soltero, pero saliendo en citas casuales; Soltero, pero comprometido para casarme; Soltero, pero viviendo con alguien; Casado; En una unión doméstica o civil; Separado; Divorciado; Viudo; Otro; Prefiero no responder",,,,,,,,relationship,,
Demografía,Demografía,1,Dose,¿Cuál es tu estado laboral?,Buttons,,,,,"Trabajando tiempo completo; Trabajando tiempo parcial; Desempleado o despedido; Buscando trabajo; Trabajo doméstico o el cuidado de los hijos; Retirado; Estudiante; Desconocido; Prefiero no responder
",,,,,,,,employment,,
Demografía,Demografía,1,Dose,"¿Cuál es el ingreso anual de tu hogar, antes de impuestos y otras deducciones (en dólares estadounidenses o equivalentes)?",Buttons,,,,,"Menos de $5,000; $5,000 - $11,999; $12,000 - $15,999; $16,000 - $24,999; $25,000 - $34,999; $35,000 - $49,999; $50,000 - $74,999; $75,000 - $99,999; $100,000 - $149,999; $150,000 - $199,999; $200,000 - $249,999; $250,000 o más; No lo sé; Prefiero no responder
",,,,,,,,income,,
Demografía,Demografía,1,Dose,"¿Cómo te enteraste de MindTrails Español? Por favor, seleccione todas las respuestas válidas.",Checkbox,,,,,"Página principal de Project Implicit Health; Project Implicit Health, después de completar un estudio sobre mis síntomas de ansiedad; Del sitio web de MindTrails; Un amigo o familiar; La prensa; Búsqueda en Internet de información sobre salud mental; Un profesional de la salud mental me lo recomendó; Un enlace de otro sitio de salud mental; De otra manera (por favor especifique) (text box)
",,,,,specify other,,,learn_abt_HTC,,
Cuestionario de tratamiento e historia de salud mental,Cuestionario de tratamiento e historia de salud mental,1,Dose,"Nos gustaría hacerte algunas preguntas sobre tu salud mental y tu historia de tratamiento. Las respuestas a estas preguntas personales se mantienen confidenciales, pero nos ayudan a mejorar MindTrails Español al determinar para quién funciona bien.",,,,,,,,,,,,,,,,
Cuestionario de tratamiento e historia de salud mental,Cuestionario de tratamiento e historia de salud mental,1,Dose,"¿Actualmente estás diagnosticado por un profesional de salud (trabajador social, psicólogo, psiquiatra o médico general) con uno o más de los siguientes trastornos? (Selecciona todo lo que aplique)",Checkbox,,,,,"Trastorno de ansiedad generalizada (TAG); Trastorno obsesivo compulsivo (TOC); Trastorno de pánico; Agorafobia; Trastorno de estrés postraumático; Trastorno de ansiedad social; Fobia(s) específica(s); Demencia o otro trastorno cognitivo; Trastornos relacionados con sustancias; Esquizofrenia o un trastorno relacionado; La depresión o trastorno depresivo; Trastorno bipolar; Trastorno alimentario; Trastorno de personalidad; Otro; Prefiero no contestar; Sin diagnóstico
",,,,,specify other,,,mental_health_disorders,,
Cuestionario de tratamiento e historia de salud mental,Cuestionario de tratamiento e historia de salud mental,1,Dose,"¿Actualmente, estás buscando ayuda de una o más de las siguientes opciones para temas de ansiedad o dificultades mentales o emocionales? (Selecciona todo lo que aplique)",Checkbox,,,,,"Terapia: hablar con un profesional capacitado (Ejemplos: psicólogo, médico de salud mental con licencia (LMHC), consejero escolar, trabajador social, terapeuta matrimonial y familiar, terapeuta de grupo); Medicamentos recetados (Ejemplos: psiquiatra, médico); Buscando apoyo social: hablar con no profesionales (Ejemplos: maestro, miembro de la familia, amigo, líder religioso, entrenador); Ayuda autoguiado (Ejemplos: libro de autoayuda, blogs, intervención en línea (que no sea MindTrails Español), aplicaciones móviles); Medicamentos y / o suplementos de venta libre; Otros (text box); No estoy recibiendo ayuda; Prefiero no responder
",,,,,specify other,HelpReceived,,help,,
Cuestionario de tratamiento e historia de salud mental,Cuestionario de tratamiento e historia de salud mental,1,Dose,¿Terapia (hablar con un profesional capacitado) ha sido útil? \n\n1 = No útil\n4 = Algo útil\n7=Muy útil\n Prefiero no responder,Slider,,1,7,,,,,,,,,HelpReceived; Therapy,therapy_helpful,,
Cuestionario de tratamiento e historia de salud mental,Cuestionario de tratamiento e historia de salud mental,1,Dose,¿Medicamentos recetados han sido útiles? \n\n1 = No útil\n4 = Algo útil\n7=Muy útil\n Prefiero no responder,Slider,,1,7,,,,,,,,,HelpReceived; Prescription,prescriptions_helpful,,
Cuestionario de tratamiento e historia de salud mental,Cuestionario de tratamiento e historia de salud mental,1,Dose,¿Buscando apoyo social (hablando con no profesionales) ha sido útil? \n\n1 = No útil\n4 = Algo útil\n7=Muy útil\n Prefiero no responder,Slider,,1,7,,,,,,,,,HelpReceived; Social,social_support_helpful,,
Cuestionario de tratamiento e historia de salud mental,Cuestionario de tratamiento e historia de salud mental,1,Dose,¿Ayuda autoguiada ha sido útil?  \n\n1 = No útil\n4 = Algo útil\n7=Muy útil\n Prefiero no responder,Slider,,1,7,,,,,,,,,HelpReceived; SelfHelp,self-guided_helpful,,
Cuestionario de tratamiento e historia de salud mental,Cuestionario de tratamiento e historia de salud mental,1,Dose,¿Medicamentos y/o suplementos de venta libre han sido útiles? \n\n1 = No útil\n4 = Algo útil\n7=Muy útil\n Prefiero no responder,Slider,,1,7,,,,,,,,,HelpReceived; OTC,OTC_meds_helpful,,
Cuestionario de tratamiento e historia de salud mental,Cuestionario de tratamiento e historia de salud mental,1,Dose,¿Otra cosa (por favor especifica) (text box) ha sido útil? \n\n1 = No útil\n4 = Algo útil\n7=Muy útil\n Prefiero no responder,Slider,,1,7,,,,,,,"Based on if they press: therapy, precription medications, seeking oscial support, self-guided help, over-the-counter medications and/or supplements, other",,HelpReceived; Other,other_helpful,,
Cuestionario de tratamiento e historia de salud mental,Cuestionario de tratamiento e historia de salud mental,1,Dose,Hay muchas razones por las que las personas no reciben ayuda. ¿Por qué no recibes tratamiento de salud mental? Por favor selecciona todas las respuestas válidas.,Checkbox,,,,,"No creo que un medicamento recetado me ayudará; No me gusta la idea de tomar medicamentos recetados; No puedo pagar por tratamiento; No quiero hablar con un profesional de la salud mental (p. Ej., Un terapeuta); No creo que un profesional de la salud mental pueda ayudarme; Es difícil encontrar un profesional de la salud mental cerca de mí.; No sé cómo encontrar un profesional de la salud mental; Me da vergüenza buscar tratamiento; No quiero que me pidan que enfrente mis miedos (por ejemplo, no querer interactuar con una araña para una persona con miedo a las arañas); No quiero hablar de mis sentimientos; No tengo tiempo; Tuve un tratamiento anteriormente y no lo encontré útil; Otro; Prefiero no responder
",,,,,,,HelpReceived; None,reasons_not_receiving_help,,
Cuestionario de tratamiento e historia de salud mental,Cuestionario de tratamiento e historia de salud mental,1,Dose,"En los últimos dos meses, ¿ha habido algún cambio en tu tratamiento de salud mental? Marca todo lo que corresponda.",Checkbox,,,,,Comencé la terapia; Terminé la terapia; Cambié de terapeuta; Mi recetador cambió mi dosis recetada; Comencé un medicamento recetado; Dejé un medicamento recetado; Otros (especificar); No he tenido ningún cambio; Prefiero no responder,,,,,specify other,,,changes_treatment,,
Cuestionario de tratamiento e historia de salud mental,Cuestionario de tratamiento e historia de salud mental,1,Dose,¿Tienes síntomas de ansiedad de moderados a graves?,Buttons,,,,,Si; No; No estoy seguro,,,,,,anxiety_or_depression,,anxiety_or_depression,,
Cuestionario de tratamiento e historia de salud mental,Cuestionario de tratamiento e historia de salud mental,1,Dose,¿Cuánto tiempo has estado experimentando síntomas de ansiedad de moderados a graves?,Buttons,,,,,"Una semana; Entre 1 semana y 1 mes; Entre 1-3 meses; Entre 3-6 meses; Entre 6-12 meses; Entre 1-2 años; Entre 2-5 años; Entre 5-10 años; Más de 10 años; No estoy experimentando síntomas de ansiedad de moderados a graves; Prefiero no responder
",,,,,,,,length_anxiety_symptoms,,
"Escala de 
aculturación","Escala de 
aculturación",1,Dose,"Por lo general, ¿en qué idioma(s) lees y hablas?",Buttons,,,,,Sólo Español; Español mejor que Inglés; Ambos por igual; Inglés mejor que Español; Sólo Inglés,,,,,,,,,,
"Escala de 
aculturación","Escala de 
aculturación",1,Dose,Cuál fué el idioma(s) que hablaste cuando eras niño(a)?,Buttons,,,,,Sólo Español; Más Español que Inglés; Ambos por igual; Más Inglés que Español; Sólo Inglés ,,,,,,,,,,
"Escala de 
aculturación","Escala de 
aculturación",1,Dose,"Por lo general, ¿en qué idioma(s) hablas en tu casa?",Buttons,,,,,Sólo Español; Más Español que Inglés; Ambos por igual; Más Inglés que Español; Sólo Inglés ,,,,,,,,,,
"Escala de 
aculturación","Escala de 
aculturación",1,Dose,"Por lo general, ¿en qué idioma(s) piensas?",Buttons,,,,,Sólo Español; Más Español que Inglés; Ambos por igual; Más Inglés que Español; Sólo Inglés ,,,,,,,,,,
"Escala de 
aculturación","Escala de 
aculturación",1,Dose,"Por lo general, ¿en qué idioma(s) hablas con tus amigos(as)?",Buttons,,,,,Sólo Español; Más Español que Inglés; Ambos por igual; Más Inglés que Español; Sólo Inglés ,,,,,,,,,,
"Escala de 
aculturación","Escala de 
aculturación",1,Dose,"Por lo general, ¿en qué idioma(s) son los programas de televisión que tú miras?",Buttons,,,,,Sólo Español; Más Español que Inglés; Ambos por igual; Más Inglés que Español; Sólo Inglés ,,,,,,,,,,
"Escala de 
aculturación","Escala de 
aculturación",1,Dose,"Por lo general, ¿en qué idioma(s) son los pódcasts que escuchas?",Buttons,,,,,Sólo Español; Más Español que Inglés; Ambos por igual; Más Inglés que Español; Sólo Inglés ,,,,,,,,,,
"Escala de 
aculturación","Escala de 
aculturación",1,Dose,"Por lo general, ¿en qué idioma(s) prefieres oir y ver películas, y programas de radio y televisión?",Buttons,,,,,Sólo Español; Más Español que Inglés; Ambos por igual; Más Inglés que Español; Sólo Inglés ,,,,,,,,,,
"Escala de 
aculturación","Escala de 
aculturación",1,Dose,Tus amigos y amigas más cercanos son:,Buttons,,,,,Solo Latinos; Más Latinos que Americanos; Casi mitad y mitad; Más Americanos que Latinos; Solo Americanos,,,,,,,,,,
"Escala de 
aculturación","Escala de 
aculturación",1,Dose,Tú prefieres ir a reuniones sociales/fiestas en las cuales las personas son:,Buttons,,,,,Solo Latinos; Más Latinos que Americanos; Casi mitad y mitad; Más Americanos que Latinos; Solo Americanos,,,,,,,,,,
"Escala de 
aculturación","Escala de 
aculturación",1,Dose,Las personas que visitas o que te vistan son:,Buttons,,,,,Solo Latinos; Más Latinos que Americanos; Casi mitad y mitad; Más Americanos que Latinos; Solo Americanos,,,,,,,,,,
"Escala de 
aculturación","Escala de 
aculturación",1,Dose,"Si pudieras escoger los amigos(as) de tus hijos(as), quisieras que ello(as) fueran:",Buttons,,,,,Solo Latinos; Más Latinos que Americanos; Casi mitad y mitad; Más Americanos que Latinos; Solo Americanos; No tengo hijos,,,,,,,,,,
Medida de identidad étnica multigrupo,Medida de identidad étnica multigrupo,1,Dose,"Le he dedicado tiempo para averiguar más sobre mi grupo étnico, como su historia, tradiciones y costumbres. (Escoja uno) \n\n0=Fuertemente en desacuerdo\n1 = En desacuerdo\n2 = En el medio/No estoy seguro\n3=De acuerdo\n4= Fuertemente de acuerdo\n Prefiero no responder",Slider,,1,4,,,,,,,,,,,,
Medida de identidad étnica multigrupo,Medida de identidad étnica multigrupo,1,Dose,Soy activo en organizaciones o grupos sociales de los cuales la mayoría de sus miembros son de mi propio grupo étnico. (Escoja uno) \n\n0=Fuertemente en desacuerdo\n1 = En desacuerdo\n2 = En el medio/No estoy seguro\n3=De acuerdo\n4= Fuertemente de acuerdo\n Prefiero no responder,Slider,,1,4,,,,,,,,,,,,
Medida de identidad étnica multigrupo,Medida de identidad étnica multigrupo,1,Dose,Tengo una idea concreta de lo que mi grupo étnico es y lo que significa para mi. (Escoja uno) \n\n0=Fuertemente en desacuerdo\n1 = En desacuerdo\n2 = En el medio/No estoy seguro\n3=De acuerdo\n4= Fuertemente de acuerdo\n Prefiero no responder,Slider,,1,4,,,,,,,,,,,,
Medida de identidad étnica multigrupo,Medida de identidad étnica multigrupo,1,Dose,Pienso mucho en cómo mi vida sería afectada por ser miembro de mi grupo étnico. (Escoja uno) \n\n0=Fuertemente en desacuerdo\n1 = En desacuerdo\n2 = En el medio/No estoy seguro\n3=De acuerdo\n4= Fuertemente de acuerdo\n Prefiero no responder,Slider,,1,4,,,,,,,,,,,,
Medida de identidad étnica multigrupo,Medida de identidad étnica multigrupo,1,Dose,Estoy feliz de pertenecer a mi grupo étnico. (Escoja uno) \n\n0=Fuertemente en desacuerdo\n1 = En desacuerdo\n2 = En el medio/No estoy seguro\n3=De acuerdo\n4= Fuertemente de acuerdo\n Prefiero no responder,Slider,,1,4,,,,,,,,,,,,
Medida de identidad étnica multigrupo,Medida de identidad étnica multigrupo,1,Dose,Tengo un fuerte sentido de pertenencia a mi propio grupo étnico.(Escoja uno) \n\n0=Fuertemente en desacuerdo\n1 = En desacuerdo\n2 = En el medio/No estoy seguro\n3=De acuerdo\n4= Fuertemente de acuerdo\n Prefiero no responder,Slider,,1,4,,,,,,,,,,,,
Medida de identidad étnica multigrupo,Medida de identidad étnica multigrupo,1,Dose,Entiendo claramente lo que ser miembro de mi grupo étnico significa para mí. (Escoja uno) \n\n0=Fuertemente en desacuerdo\n1 = En desacuerdo\n2 = En el medio/No estoy seguro\n3=De acuerdo\n4= Fuertemente de acuerdo\n Prefiero no responder,Slider,,1,4,,,,,,,,,,,,
Medida de identidad étnica multigrupo,Medida de identidad étnica multigrupo,1,Dose,"Para aprender más de mi origen étnico, he hablado con otras personas sobre mi grupo étnico. (Escoja uno) \n\n0=Fuertemente en desacuerdo\n1 = En desacuerdo\n2 = En el medio/No estoy seguro\n3=De acuerdo\n4= Fuertemente de acuerdo\n Prefiero no responder",Slider,,1,4,,,,,,,,,,,,
Medida de identidad étnica multigrupo,Medida de identidad étnica multigrupo,1,Dose,Tengo mucho orgullo en mi grupo étnico. (Escoja uno) \n\n0=Fuertemente en desacuerdo\n1 = En desacuerdo\n2 = En el medio/No estoy seguro\n3=De acuerdo\n4= Fuertemente de acuerdo\n Prefiero no responder,Slider,,1,4,,,,,,,,,,,,
Medida de identidad étnica multigrupo,Medida de identidad étnica multigrupo,1,Dose,"Participo en actividades culturales de mi propio grupo étnico como comidas especiales, música y costumbres. (Escoja uno) \n\n0=Fuertemente en desacuerdo\n1 = En desacuerdo\n2 = En el medio/No estoy seguro\n3=De acuerdo\n4= Fuertemente de acuerdo\n Prefiero no responder",Slider,,1,4,,,,,,,,,,,,
Medida de identidad étnica multigrupo,Medida de identidad étnica multigrupo,1,Dose,Siento un gran apego hacia mi grupo étnico. (Escoja uno) \n\n0=Fuertemente en desacuerdo\n1 = En desacuerdo\n2 = En el medio/No estoy seguro\n3=De acuerdo\n4= Fuertemente de acuerdo\n Prefiero no responder,Slider,,1,4,,,,,,,,,,,,
Medida de identidad étnica multigrupo,Medida de identidad étnica multigrupo,1,Dose,Me siento bien con mi origen cultural o étnico. (Escoja uno) \n\n0=Fuertemente en desacuerdo\n1 = En desacuerdo\n2 = En el medio/No estoy seguro\n3=De acuerdo\n4= Fuertemente de acuerdo\n Prefiero no responder,Slider,,1,4,,,,,,,,,,,,
Medida de identidad étnica multigrupo,Medida de identidad étnica multigrupo,1,Dose,Mi etnia es,Buttons,,,,,"(1) asiático o asiático-americano, incluidos chinos, japoneses y otros; (2) Negro o afroamericano; (3) Hispanos o latinos, incluidos los mexicanoamericanos, centroamericanos y otros; (4) blancos, caucásicos, anglosajones, europeos americanos (no hispano); (5) Indio americano / nativo americano; (6) Mixto; Los padres son de dos grupos diferentes; (7) Otro (escribir): _____________________________________
",,,,,,,,,,
Medida de identidad étnica multigrupo,Medida de identidad étnica multigrupo,1,Dose,La etnia de mi padre es (use los números de arriba),Buttons,,,,,1;2;3;4;5;6;7,,,,,,,,,,
Medida de identidad étnica multigrupo,Medida de identidad étnica multigrupo,1,Dose,La etnia de mi madre es (use los números de arriba),Buttons,,,,,1;2;3;4;5;6;7,,,,,,,,,,
Medidas de sesgo de interpretación,Un Ejercicio Breve,1,Dose,"En este breve ejercicio, leerás varios cuentos cortos.\n\nPor favor, lee cada uno con atención e intenta imaginar estar en la situación.\n\nLa última palabra de cada cuento está incompleta. Haz clic en la letra faltante para completar la palabra.\n\nDespués de completar correctamente la palabra, se te hará una pregunta sobre el cuento. Responde la pregunta basándote en la información del cuento.",,,,,,,,,,,,,,,,
Medidas de sesgo de interpretación,El Ascensor,1,Dose,"Estás en el vestíbulo del nuevo edificio de apartamentos de tu amigo. Presionas el botón del ascensor para subir. El edificio parece antiguo. Mientras subes en el ascensor, piensas en su...",Puzzle,,,,,seguridad,,,,,,,,IBM_elevator_puzzle,,
Medidas de sesgo de interpretación,El Ascensor,1,Dose,¿Pensaste en la seguridad del ascensor?,Buttons,,,,,Si; No,,,,Yes,,,,IBM_elevator,,
Medidas de sesgo de interpretación,La Recepción de Boda,1,Dose,"Tu amiga te pide que des un discurso en su recepción de bodas. Preparas algunos comentarios y cuando llega el momento, te pones de pie. Mientras hablas, notas que algunas personas en la audiencia comienzan a...",Puzzle,,,,,reír,,,,,,,,IBM_wedding_puzzle,,
Medidas de sesgo de interpretación,La Recepción de Boda,1,Dose,¿Se ríe la audiencia cuando hablas?,Buttons,,,,,Si; No,,,,Yes,,,,IBM_wedding,,
Medidas de sesgo de interpretación,El Trabajo,1,Dose,"Actualmente estás trabajando como contratista para una empresa. Una vez que este trabajo esté terminado, estarás sin empleo hasta que puedas encontrar tu próximo trabajo. Piensas en no tener ingresos durante algunas semanas y en tu futura...",Puzzle,,,,,finanza,,,,,,,,IBM_job_puzzle,,
Medidas de sesgo de interpretación,El Trabajo,1,Dose,¿Estarás sin ingresos pronto?,Buttons,,,,,Si; No,,,,Yes,,,,IBM_job,,
Medidas de sesgo de interpretación,El Ruido Fuerte,1,Dose,Te despiertas en medio de la noche por un ruido fuerte. No estás seguro de qué causó el ruido y sales de tu dormitorio para ver qué pasó. Caminas...,Puzzle,,,,,abajo,,,,,,,,IBM_noise_puzzle,,
Medidas de sesgo de interpretación,El Ruido Fuerte,1,Dose,¿Te han despertado en medio de la noche?,Buttons,,,,,Si; No,,,,Yes,,,,IBM_noise,,
Medidas de sesgo de interpretación,Encuentro con un Amigo,1,Dose,"En la calle te encuentras con una vieja amiga a la que no has visto por mucho tiempo. Ella está demasiada ocupada para detenerse, así que acuerdan encontrarse más tarde en un bar. Llegas un poco tarde, pero el bar está vacío y unos minutos después ella todavía no está...",Puzzle,,,,,ahí,,,,,,,,IBM_friend_puzzle,,
Medidas de sesgo de interpretación,Encuentro con un Amigo,1,Dose,¿Se detuvo tu amiga?,Buttons,,,,,Si; No,,,,No,,,,IBM_friend,,
Medidas de sesgo de interpretación,El Almuerzo,1,Dose,"Estás almorzando con una amiga. Mientras comienzas a comer tu ensalada, describes tus planes para el fin de semana. Por accidente, dejas caer un trozo de lechuga y tu amiga mira a...",Puzzle,,,,,ti,,,,,,,,IBM_lunch_puzzle,,
Medidas de sesgo de interpretación,El Almuerzo,1,Dose,¿Comes una ensalada para el almuerzo?,Buttons,,,,,Si; No,,,,Yes,,,,IBM_lunch,,
Medidas de sesgo de interpretación,La Raspadura,1,Dose,"Estás jugando fútbol con algunos amigos. Mientras corres hacia el balón, tropiezas y te raspas la rodilla. La raspadura duele un poco, pero no...",Puzzle,,,,,sangra,,,,,,,,IBM_scrape_puzzle,,
Medidas de sesgo de interpretación,La Raspadura,1,Dose,¿Estás jugando fútbol con tu amigo?,Buttons,,,,,Si; No,,,,No,,,,IBM_scrape,,
Medidas de sesgo de interpretación,La Excursión de Compras,1,Dose,"Estás en el centro comercial con tu amigo. Mientras están de compras, ellos te cuentna cómo varios de sus amigos recientemente han contraído una enfermedad extraña. Piensas en tu salud reciente y te preguntas si te...",Puzzle,,,,,enfermarás,,,,,,,,IBM_shopping_puzzle,,
Medidas de sesgo de interpretación,La Excursión de Compras,1,Dose,¿Estás de compras solo/a?,Buttons,,,,,Si; No,,,,No,,,,IBM_shopping,,
Medidas de sesgo de interpretación,La Prueba de Sangre,1,Dose,"Estás en una cita médica de rutina. En la cita, el médico decide realizar algunas pruebas de sangre para verificar tu salud. El médico dice que te llamará en unas semanas y sabrás los resultados de tus pruebas en ese...",Puzzle,,,,,momento,,,,,,,,IBM_blood_puzzle,,
Medidas de sesgo de interpretación,La Prueba de Sangre,1,Dose,¿Te hicieron pruebas de sangre?,Buttons,,,,,Si; No,,,,Yes,,,,IBM_blood,,
Medidas de sesgo de interpretación,Algunas preguntas,1,Dose,"A continuación, verás los títulos de los nueve cuentos cortos que acabas de leer. Después de cada uno, verás cuatro frases. Ninguna de estas frases es idéntica al cuento original, pero algunas son más similares que otras.\n\nRecuerda el cuento que leíste y califica qué tan similar es cada frase a lo que leíste en el cuento original. Estamos interesados en tu comprensión del cuento original, ya sea que coincida o no con lo que personalmente pensarías o harías en esa situación.",,,,,,,,,,,,,,,,
Medidas de sesgo de interpretación,El Ascensor,1,Dose,"EL ASCENSOR: El edificio parece antiguo y, mientras te subes al ascensor...\n\nPiensas que probablemente el ascensor se averiará mientras estás en él.",Buttons,,,,,Muy diferente; Diferente; Similar; Muy similar; Prefiero no responder,,,,,,,,IBM_elevator_interpretation_1,,
Medidas de sesgo de interpretación,El Ascensor,1,Dose,"EL ASCENSOR: El edificio parece antiguo y, mientras te subes al ascensor...\n\nPiensas que te va a gustar el nuevo apartamento de tu amigo.",Buttons,,,,,Muy diferente; Diferente; Similar; Muy similar; Prefiero no responder,,,,,,,,IBM_elevator_interpretation_2,,
Medidas de sesgo de interpretación,El Ascensor,1,Dose,"EL ASCENSOR: El edificio parece antiguo y, mientras te subes al ascensor...\n\nPiensas en lo maloliente que es el vestíbulo.",Buttons,,,,,Muy diferente; Diferente; Similar; Muy similar; Prefiero no responder,,,,,,,,IBM_elevator_interpretation_3,,
Medidas de sesgo de interpretación,El Ascensor,1,Dose,"EL ASCENSOR: El edificio parece antiguo y, mientras te subes al ascensor...\n\nPiensas que ir en el ascensor será seguro.",Buttons,,,,,Muy diferente; Diferente; Similar; Muy similar; Prefiero no responder,,,,,,,,IBM_elevator_interpretation_4,,
Medidas de sesgo de interpretación,La Recepción de Boda,1,Dose,LA RECEPCIÓN DE BODA: Al entrar a la sala...\n\nLa gente en la audiencia se ríe en señal de aprecio.,Buttons,,,,,Muy diferente; Diferente; Similar; Muy similar; Prefiero no responder,,,,,,,,IBM_wedding_interpretation_1,,
Medidas de sesgo de interpretación,La Recepción de Boda,1,Dose,LA RECEPCIÓN DE BODA: Al entrar a la sala...\n\nVes un amigo al que esperabas ver entrar a la recepción.,Buttons,,,,,Muy diferente; Diferente; Similar; Muy similar; Prefiero no responder,,,,,,,,IBM_wedding_interpretation_2,,
Medidas de sesgo de interpretación,La Recepción de Boda,1,Dose,LA RECEPCIÓN DE BODA: Al entrar a la sala...\n\nLa gente en la audiencia encuentra risible tus esfuerzos.,Buttons,,,,,Muy diferente; Diferente; Similar; Muy similar; Prefiero no responder,,,,,,,,IBM_wedding_interpretation_3,,
Medidas de sesgo de interpretación,La Recepción de Boda,1,Dose,LA RECEPCIÓN DE BODA: Al entrar a la sala...\n\nVes a alguien que no te cae bien entrar en la recepción.,Buttons,,,,,Muy diferente; Diferente; Similar; Muy similar; Prefiero no responder,,,,,,,,IBM_wedding_interpretation_4,,
Medidas de sesgo de interpretación,El Trabajo,1,Dose,EL TRABAJO: Piensas en no tener ingresos durante algunas semanas...\n\nY sabes que puedes depender en tus ahorros.,Buttons,,,,,Muy diferente; Diferente; Similar; Muy similar; Prefiero no responder,,,,,,,,IBM_job_interpretation_1,,
Medidas de sesgo de interpretación,El Trabajo,1,Dose,EL TRABAJO: Piensas en no tener ingresos durante algunas semanas...\n\nY te emociona no tener que poner una alarma.,Buttons,,,,,Muy diferente; Diferente; Similar; Muy similar; Prefiero no responder,,,,,,,,IBM_job_interpretation_2,,
Medidas de sesgo de interpretación,El Trabajo,1,Dose,EL TRABAJO: Piensas en no tener ingresos durante algunas semanas...\n\nY te preocupas por quedarte sin dinero.,Buttons,,,,,Muy diferente; Diferente; Similar; Muy similar; Prefiero no responder,,,,,,,,IBM_job_interpretation_3,,
Medidas de sesgo de interpretación,El Trabajo,1,Dose,EL TRABAJO: Piensas en no tener ingresos durante algunas semanas...\n\nY estás triste por dejar a tus compañeros de trabajo actuales.,Buttons,,,,,Muy diferente; Diferente; Similar; Muy similar; Prefiero no responder,,,,,,,,IBM_job_interpretation_4,,
Medidas de sesgo de interpretación,El Ruido Fuerte,1,Dose,EL RUIDO FUERTE: Mientras bajas las escaleras...\n\nTe sientes feliz y piensas en lo hermoso que es tu casa.,Buttons,,,,,Muy diferente; Diferente; Similar; Muy similar; Prefiero no responder,,,,,,,,IBM_loud_interpretation_1,,
Medidas de sesgo de interpretación,El Ruido Fuerte,1,Dose,EL RUIDO FUERTE: Mientras bajas las escaleras...\n\nTe sientes asustado/a y te preocupa no poder manejar el miedo.,Buttons,,,,,Muy diferente; Diferente; Similar; Muy similar; Prefiero no responder,,,,,,,,IBM_loud_interpretation_2,,
Medidas de sesgo de interpretación,El Ruido Fuerte,1,Dose,"EL RUIDO FUERTE: Mientras bajas las escaleras...\n\nTe sientes asustado/a, pero sabes que puedes tolerar la sensación.",Buttons,,,,,Muy diferente; Diferente; Similar; Muy similar; Prefiero no responder,,,,,,,,IBM_loud_interpretation_3,,
Medidas de sesgo de interpretación,El Ruido Fuerte,1,Dose,EL RUIDO FUERTE: Mientras bajas las escaleras...\n\nSientes frío y piensas en cómo la casa necesita una mejor calefacción.,Buttons,,,,,Muy diferente; Diferente; Similar; Muy similar; Prefiero no responder,,,,,,,,IBM_loud_interpretation_4,,
Medidas de sesgo de interpretación,Encuentro con un Amigo,1,Dose,ENCUENTRO CON UN AMIGO: Llegas un poco tarde y...\n\nOrdenas tu merienda favorita.,Buttons,,,,,Muy diferente; Diferente; Similar; Muy similar; Prefiero no responder,,,,,,,,IBM_friend_interpretation_1,,
Medidas de sesgo de interpretación,Encuentro con un Amigo,1,Dose,ENCUENTRO CON UN AMIGO: Llegas un poco tarde y...\n\nTe das cuenta de que el bar huele mal.,Buttons,,,,,Muy diferente; Diferente; Similar; Muy similar; Prefiero no responder,,,,,,,,IBM_friend_interpretation_2,,
Medidas de sesgo de interpretación,Encuentro con un Amigo,1,Dose,"ENCUENTRO CON UN AMIGO: Llegas un poco tarde y...\n\nRecibes una llamada de tu amiga que está en camino, pero llegará tarde.",Buttons,,,,,Muy diferente; Diferente; Similar; Muy similar; Prefiero no responder,,,,,,,,IBM_friend_interpretation_3,,
Medidas de sesgo de interpretación,Encuentro con un Amigo,1,Dose,ENCUENTRO CON UN AMIGO: Llegas un poco tarde y...\n\nPiensas que tu amiga decidió que no quería verte.,Buttons,,,,,Muy diferente; Diferente; Similar; Muy similar; Prefiero no responder,,,,,,,,IBM_friend_interpretation_4,,
Medidas de sesgo de interpretación,El Almuerzo,1,Dose,EL ALMUERZO: Tu amiga te mira...\n\nPorque piensa que eres desaliñado/a.,Buttons,,,,,Muy diferente; Diferente; Similar; Muy similar; Prefiero no responder,,,,,,,,IBM_lunch_interpretation_1,,
Medidas de sesgo de interpretación,El Almuerzo,1,Dose,EL ALMUERZO: Tu amiga te mira...\n\nY frunces el ceño porque olvidaste traer agua para el almuerzo,Buttons,,,,,Muy diferente; Diferente; Similar; Muy similar; Prefiero no responder,,,,,,,,IBM_lunch_interpretation_2,,
Medidas de sesgo de interpretación,El Almuerzo,1,Dose,EL ALMUERZO: Tu amiga te mira...\n\nPorque está prestando atención mientras describes tus planes de fin de semana.,Buttons,,,,,Muy diferente; Diferente; Similar; Muy similar; Prefiero no responder,,,,,,,,IBM_lunch_interpretation_3,,
Medidas de sesgo de interpretación,El Almuerzo,1,Dose,EL ALMUERZO: Tu amiga te mira...\n\nY sonríes porque tu almuerzo sabe rico.,Buttons,,,,,Muy diferente; Diferente; Similar; Muy similar; Prefiero no responder,,,,,,,,IBM_lunch_interpretation_4,,
Medidas de sesgo de interpretación,La Raspadura,1,Dose,LA RASPADURA: La raspadura duele un poco...\n\nY piensas que probablemente se infectará gravemente.,Buttons,,,,,Muy diferente; Diferente; Similar; Muy similar; Prefiero no responder,,,,,,,,IBM_scrape_interpretation_1,,
Medidas de sesgo de interpretación,La Raspadura,1,Dose,LA RASPADURA: La raspadura duele un poco...\n\nY te frustras porque rasgaste tus pantalones cortos.,Buttons,,,,,Muy diferente; Diferente; Similar; Muy similar; Prefiero no responder,,,,,,,,IBM_scrape_interpretation_2,,
Medidas de sesgo de interpretación,La Raspadura,1,Dose,LA RASPADURA: La raspadura duele un poco...\n\nPero sabes que estarás bien.,Buttons,,,,,Muy diferente; Diferente; Similar; Muy similar; Prefiero no responder,,,,,,,,IBM_scrape_interpretation_3,,
Medidas de sesgo de interpretación,La Raspadura,1,Dose,LA RASPADURA: La raspadura duele un poco...\n\nPero estás feliz de que estás haciendo ejercicio.,Buttons,,,,,Muy diferente; Diferente; Similar; Muy similar; Prefiero no responder,,,,,,,,IBM_scrape_interpretation_4,,
Medidas de sesgo de interpretación,La Excursión de Compras,1,Dose,LA EXCURSIÓN DE COMPRAS: Piensas en tu salud reciente...\n\nY piensas que probablemente estás empezando a sentir los síntomas de la extraña enfermedad.,Buttons,,,,,Muy diferente; Diferente; Similar; Muy similar; Prefiero no responder,,,,,,,,IBM_shopping_interpretation_1,,
Medidas de sesgo de interpretación,La Excursión de Compras,1,Dose,LA EXCURSIÓN DE COMPRAS: Piensas en tu salud reciente...\n\nY piensas que es poco probable que contraigas la extraña enfermedad.,Buttons,,,,,Muy diferente; Diferente; Similar; Muy similar; Prefiero no responder,,,,,,,,IBM_shopping_interpretation_2,,
Medidas de sesgo de interpretación,La Excursión de Compras,1,Dose,LA EXCURSIÓN DE COMPRAS: Piensas en tu salud reciente...\n\nY sonríes porque disfrutas ir de compras.,Buttons,,,,,Muy diferente; Diferente; Similar; Muy similar; Prefiero no responder,,,,,,,,IBM_shopping_interpretation_3,,
Medidas de sesgo de interpretación,La Excursión de Compras,1,Dose,LA EXCURSIÓN DE COMPRAS: Piensas en tu salud reciente...\n\nY te sientes aburrido/a de ir de compras.,Buttons,,,,,Muy diferente; Diferente; Similar; Muy similar; Prefiero no responder,,,,,,,,IBM_shopping_interpretation_4,,
Medidas de sesgo de interpretación,La Prueba de Sangre,1,Dose,LA PRUEBA DE SANGRE: El médico dice que te llamará en unas semanas...\n\nY piensas en lo amable que es tu médico.,Buttons,,,,,Muy diferente; Diferente; Similar; Muy similar; Prefiero no responder,,,,,,,,IBM_blood_interpretation_1,,
Medidas de sesgo de interpretación,La Prueba de Sangre,1,Dose,LA PRUEBA DE SANGRE: El médico dice que te llamará en unas semanas...\n\nY estás molesto/a porque tu médico no es muy amable.,Buttons,,,,,Muy diferente; Diferente; Similar; Muy similar; Prefiero no responder,,,,,,,,IBM_blood_interpretation_2,,
Medidas de sesgo de interpretación,La Prueba de Sangre,1,Dose,LA PRUEBA DE SANGRE: El médico dice que te llamará en unas semanas...\n\nY piensas que no podrás soportar tu ansiedad mientras esperas.,Buttons,,,,,Muy diferente; Diferente; Similar; Muy similar; Prefiero no responder,,,,,,,,IBM_blood_interpretation_3,,
Medidas de sesgo de interpretación,La Prueba de Sangre,1,Dose,LA PRUEBA DE SANGRE: El médico dice que te llamará en unas semanas...\n\nY sabes que puedes manejar tu ansiedad mientras esperas.,Buttons,,,,,Muy diferente; Diferente; Similar; Muy similar; Prefiero no responder,,,,,,,,IBM_blood_interpretation_4,,
Escala de Ansiedad,Escala de Ansiedad,1,Dose,"Durante la última semana, ¿con qué frecuencia te has sentido ansioso?",Buttons,,,,,No me sentí ansioso durante la última semana.; Ansiedad infrecuente. Me sentí ansioso en algunos momentos.; Ansiedad ocasional. La mitad del tiempo me sentí ansioso y la otra mitad no. Me costó relajarme.; Ansiedad frecuente. Me sentí ansioso la mayor parte del tiempo. Me resultó muy difícil relajarme.; Ansiedad constante. Me sentí ansioso todo el tiempo y nunca llegué a relajarme.; Prefiero no responder.,,,,,,,,OASIS_frequency_anxious,,
Escala de Ansiedad,Escala de Ansiedad,1,Dose,"Durante la última semana, cuando te sentiste ansioso, ¿cómo de intensa o grave fue tu ansiedad?",Buttons,,,,,"Poco o nada. La ansiedad estuvo ausente o casi no la noté.; Leve. La ansiedad fue de baja intensidad. Pude relajarme cuando lo intenté. Los síntomas físicos fueron solo un poco molestos.; Moderada. La ansiedad me generó malestar en algunos momentos. Me resultó difícil relajarme o concentrarme, pero pude hacerlo cuando lo intenté. Los síntomas físicos fueron molestos.; Severa. La ansiedad fue intensa la mayor parte del tiempo. Me resultó muy difícil relajarme o concentrarme en cualquier otra cosa. Los síntomas físicos fueron enormemente molestos.; Extrema. La ansiedad me sobrepasó. Me fue totalmente imposible relajarme. Los síntomas físicos fueron insoportables; Prefiero no responder.",,,,,,,,OASIS_intensity_anxiety,,
Escala de Ansiedad,Escala de Ansiedad,1,Dose,"Durante la última semana, ¿con qué frecuencia evitaste situaciones, lugares, objetos o actividades debido a tu ansiedad
o miedo?",Buttons,,,,,"Ninguna. No evité lugares, situaciones, actividades o cosas por miedo.; Infrecuente. Evité algunas cosas de vez en cuando, pero por lo general me enfrenté a las situaciones u objetos. Mi estilo de vida no se vio afectado.; Ocasional. Tuve algo de miedo a ciertas situaciones, lugares u objetos, pero todavía pudo manejarlos. Mi estilo de vida sufrió pocos cambios. Siempre o casi siempre evité las cosas que me dan miedo si estaba solo, pero las pude manejar si alguien venía conmigo.; Frecuente. Tuve bastante miedo y realmente intenté evitar las cosas que me asustan. He hecho cambios significativos en mi estilo de vida para evitar objetos, situaciones, actividades o lugares.; Todo el tiempo. Evitar objetos, situaciones, actividades o lugares ha ocupado gran parte de mi vida. Mi estilo de vida se ha visto enormemente afectado y ya no hago cosas con las que solía disfrutar; Prefiero no responder.",,,,,,,,OASIS_avoid,,
Escala de Ansiedad,Escala de Ansiedad,1,Dose,"Durante la última semana, ¿en qué medida ha interferido la ansiedad en tu capacidad para hacer las cosas que
necesitabas hacer en el trabajo, el colegio o en tu hogar?",Buttons,,,,,"Nada. La ansiedad no interfirió en mi trabajo/hogar/colegio.; Leve. La ansiedad me causó algo de interferencia en mi trabajo/hogar/colegio. Las cosas eran más difíciles, pero pude realizar todo lo que necesitaba hacer.; Moderada. La ansiedad definitivamente interfirió en mis tareas. He podido realizar la mayoría de las cosas, pero solo algunas las he hecho tan bien como en el pasado.; Severa. La ansiedad verdaderamente ha cambiado mi capacidad para hacer las cosas. Algunas cosas las he podido realizar, pero otras no. Mi rendimiento se ha visto definitivamente afectado.; Extrema. La ansiedad ha llegado a ser incapacitante. He sido incapaz de completar mis tareas y he tenido que irme del colegio, he dejado o me han
despedido de mi trabajo o he sido incapaz de completar las tareas del hogar y he sufrido consecuencias como desalojos, cobradores de facturas, etc.; Prefiero no responder.",,,,,,,,OASIS_work,,
Escala de Ansiedad,Escala de Ansiedad,1,Dose,"Durante la última semana, ¿en qué medida ha interferido la ansiedad en tu vida social y en tus relaciones?",Buttons,,,,,"Nada. La ansiedad no interfirió en mis relaciones.; Leve. La ansiedad apenas interfirió en mis relaciones. Algunas de mis amistades y otras relaciones se han visto afectadas, pero en conjunto mi vida social sigue siendo satisfactoria.; Moderada. La ansiedad interfirió algo en mi vida social, pero sigo teniendo algunas relaciones cercanas. No paso tanto tiempo con otros como en el pasado,
pero sigo teniendo relaciones sociales algunas veces.; Severa. Mis amistades y otras relaciones se han visto muy afectadas a causa de mi ansiedad. No disfruto de las actividades sociales. Tengo muy pocas relaciones sociales.; Extrema. La ansiedad ha alterado completamente mis actividades sociales. Todas mis relaciones se han visto afectadas o han finalizado. Mi vida familiar es
extremadamente tensa.; Prefiero no responder.",,,,,,,,OASIS_social,,
Escala de Tristeza,Escala de Tristeza,1,Dose,"Durante las últimas 2 semanas, ¿qué tan seguido ha tenido molestias debido a los siguientes problemas?:\n\nPoco interés o placer en hacer cosas",Buttons,,,,,Ningún día; Varios días; Más de la mitad de los días; Casi todos los días; Prefiero no responder.,,,,,,,,OASIS_little_interest,,
Escala de Tristeza,Escala de Tristeza,1,Dose,"Durante las últimas 2 semanas, ¿qué tan seguido ha tenido molestias debido a los siguientes problemas?:\n\nSe ha sentido decaído(a), deprimido(a) o
sin esperanzas",Buttons,,,,,Ningún día; Varios días; Más de la mitad de los días; Casi todos los días; Prefiero no responder.,,,,,,,,OASIS_depressed,,add in DASS 
Escala de Estrés,Escala de Estrés,1,Dose,"En el último mes, ¿con qué frecuencia ha sentido que no podía controlar las cosas importantes en su vida?",Buttons,,,,,Nunca; Casi nunca; A veces; Bastante seguido; Muy seguido; Prefiero no responder,,,,,,,,PSS-4_control,,
Escala de Estrés,Escala de Estrés,1,Dose,"En el último mes, ¿con qué frecuencia ha sentido confianza en su capacidad para manejar sus problemas personales?",Buttons,,,,,Nunca; Casi nunca; A veces; Bastante seguido; Muy seguido; Prefiero no responder,,,,,,,,PSS-4_confident,,
Escala de Estrés,Escala de Estrés,1,Dose,"En el último mes, ¿con qué frecuencia ha sentido que las cosas iban a su manera?",Buttons,,,,,Nunca; Casi nunca; A veces; Bastante seguido; Muy seguido; Prefiero no responder,,,,,,,,PSS-4_your_way,,
Escala de Estrés,Escala de Estrés,1,Dose,"En el último mes, ¿con qué frecuencia ha sentido que las dificultades se acumulaban tan alto que no podía superarlas?",Buttons,,,,,Nunca; Casi nunca; A veces; Bastante seguido; Muy seguido; Prefiero no responder,,,,,,,,PSS-4_difficulties,,
Tu Primera Sesión,Tu Primera Sesión,1,Dose,"MindTrails Español está diseñado para ayudarte a cambiar la forma en que piensas sobre situaciones comunes pero potencialmente estresantes para reducir la ansiedad y el estrés. Cuando completas sesiones en la aplicación, se te pedirá que leas breves historias sobre situaciones que a menudo producen ansiedad y completes letras faltantes para completar palabras, llenes palabras completas o elabores nuevas historias que sean personalmente relevantes para ti. Para ayudarte a familiarizarte con el programa y sacar el máximo provecho de esta experiencia, nos gustaría que completes algunos ejercicios cortos y ver algunos videos breves que explican cómo funciona MindTrails Español. También se te presentarán tres ejemplos de historias para que puedas empezar a familiarizarte con el entrenamiento. ¡Haz clic en siguiente para comenzar!",,,,,,,,,,,,,,,,
Ejercicio de Limón,Ejercicio de Limón,1,Dose,"El propósito de este ejercicio rápido es demostrar qué es el pensamiento basado en la imaginación. Imaginarás cómo es ver, tocar y oler un limón. Por favor, imagina esto como si realmente lo estuvieras experimentando.",,,,,,TRUE,,,,,,,,,,
Ejercicio de Limón,Ejercicio de Limón,1,Dose,"En este ejercicio y a lo largo del programa de entrenamiento, por favor recuerda imaginar lo que está sucediendo a través de tus propios ojos, similar a la imagen a la izquierda. Esto es más efectivo que ver la situación como un observador externo, como la imagen a la derecha.",,,,,https://github.com/TeachmanLab/MindtrailsMobile_Resources/raw/main/HTC/protocols/protocol1/media/images/lemon/pic1.jpeg,TRUE,,,,,,,,,,
Ejercicio de Limón,Ejercicio de Limón,1,Dose,"¡De acuerdo... comencemos! Imagina que estás sosteniendo el limón en tu mano derecha, y puedes sentir su forma y su peso.",,,,,https://github.com/TeachmanLab/MindtrailsMobile_Resources/raw/main/HTC/protocols/protocol1/media/images/lemon/pic2.jpeg,TRUE,,,,,,,,,,
Ejercicio de Limón,Ejercicio de Limón,1,Dose,"Ahora imagina que estás iluminando el limón con una luz, y puedes ver la textura cerosa y abultada de la piel amarilla.",,,,,https://github.com/TeachmanLab/MindtrailsMobile_Resources/raw/main/HTC/protocols/protocol1/media/images/lemon/pic3.jpeg,TRUE,,,,,,,,,,
Ejercicio de Limón,Ejercicio de Limón,1,Dose,"Ahora imagina que rasguñas la piel del limón con tu uña, luego acercas el limón a tu nariz, y puedes oler el jugo fresco de la piel.",,,,,https://github.com/TeachmanLab/MindtrailsMobile_Resources/raw/main/HTC/protocols/protocol1/media/images/lemon/pic4.jpeg,TRUE,,,,,,,,,,
Ejercicio de Limón,Ejercicio de Limón,1,Dose,Ahora imagina que cortas el limón por la mitad y acercas una mitad para observarla de cerca. Puedes ver la pulpa jugosa en forma de pedazos que se asemejan a una rueda de carreta.,,,,,https://github.com/TeachmanLab/MindtrailsMobile_Resources/raw/main/HTC/protocols/protocol1/media/images/lemon/pic5.jpeg,TRUE,,,,,,,,,,
Ejercicio de Limón,Ejercicio de Limón,1,Dose,"Ahora imagina que exprimes el limón y parte del jugo salpica directamente en tus ojos, y realmente está ardiendo, haciendo que tus ojos lloren.",,,,,https://github.com/TeachmanLab/MindtrailsMobile_Resources/raw/main/HTC/protocols/protocol1/media/images/lemon/pic6.jpeg,TRUE,,,,,,,,,,
Ejercicio de Limón,Ejercicio de Limón,1,Dose,¡Eso fue el Ejercicio de Limón! No te preocupes si no experimentaste todas las sensaciones intensamente. Esto es completamente normal.,,,,,https://github.com/TeachmanLab/MindtrailsMobile_Resources/raw/main/HTC/protocols/protocol1/media/images/lemon/pic7.jpeg,TRUE,,,,,,,,,,
Estímulo de Imágenes Ansiosas,Estímulo de Imágenes Ansiosas,1,Dose,"En este ejercicio, por favor piensa en una situación PRÓXIMA que esperas que te haga sentir ansioso, preocupado o asustado. Elige una situación que te preocupe que pueda salir mal, o que esperas que provoque síntomas relacionados con la ansiedad (por ejemplo, corazón acelerado, sudoración). Cualquier situación que te haga sentir bastante ansioso o asustado funcionará, mientras que sea una situación que es probable que ocurra realmente.",,,,,,,,,,,,,,,,
Estímulo de Imágenes Ansiosas,Estímulo de Imágenes Ansiosas,1,Dose,"Por favor, describe la situación en algunas palabras:",Entry,,,,,,,,,,,,,entry_anxious_imagery,,
Estímulo de Imágenes Ansiosas,Estímulo de Imágenes Ansiosas,1,Dose,"Por favor, imagines la situación lo más vívidamente posible (es decir, para que se sienta muy real). Intentes imaginar que realmente estás en la situación. Reproduzcas las partes específicas de la situación en tu mente. Trates de imaginar usando todos tus sentidos mientras piensas en esta situación. Pienses en las cosas que verías, oirías y olerías si realmente estuvieras en esa situación. Piensa en los tipos de cosas que pensarías o sentirías si estuvieras allí realmente.",,,,,,,,,,,,,,,,
Estímulo de Imágenes Ansiosas,Estímulo de Imágenes Ansiosas,1,Dose,Reproduzcas esta situación en tu cabeza durante los próximos 20 segundos. \n\nLa pantalla cambiará en 20 segundos.,,,,,,20,,,,,,,,,,
Estímulo de Imágenes Ansiosas,Estímulo de Imágenes Ansiosas,1,Dose,¿Qué tan ansioso te sentiste (en el nivel más alto de ansiedad) al completar la tarea de imaginería? Presiona en la barra para ver el deslizador. \n\n0 = Absolutamente ninguna ansiedad. \n\n10 = Totalmente ansioso.,Slider,,0,10,,Prefiero no responder,,,,,,,,imagery_anxiety,,
Estímulo de Imágenes Ansiosas,Estímulo de Imágenes Ansiosas,1,Dose,¿Con qué viveza imaginaste la situación?,Buttons,,,,,Nada vívida; Algo vívida; Moderadamente vívida; Muy vívida; Totalmente vívida; Prefiero no responder,,,,,,,,imagery_vivid,,
Estímulo de Imágenes Ansiosas,Estímulo de Imágenes Ansiosas,1,Dose,¿Qué tan probable es que la situación o tarea salga bien en comparación con que salga mal?,Buttons,,,,,Muy probable que salga bien; Algo probable que salga bien; Neutral; Algo probable que salga mal; Muy probable que salga mal; Prefiero no responder,,,,,,,,imagery_well,,
Estímulo de Imágenes Ansiosas,Estímulo de Imágenes Ansiosas,1,Dose,"Si esta situación saliera mal, ¿cómo podrías manejarla?",Buttons,,,,,Muy bien; Bastante bien; Neutral; Bastante mal; Muy mal; Prefiero no responder,,,,,,,,imagery_handling,,
Práctica de CBM-I,Práctica de CBM-I,1,Dose,,,,,,,,,,,,,,,,,
Comprensión / Participación,Comprensión / Participación,1,Dose,¿Qué esperas obtener del programa MindTrails Español? Selecciona todo lo que corresponda.,Checkbox,,,,,"Quiero pensar de manera más flexible y menos negativa.; Quiero poder manejar situaciones estresantes de manera más efectiva.; Quiero reducir mi estrés y/o ansiedad.; Quiero practicar habilidades que he aprendido o estoy aprendiendo actualmente de un proveedor de atención médica mental.; Quiero mantener los avances que he logrado durante el tratamiento de salud mental.; Quiero evitar el regreso de la ansiedad y/o el estrés que he experimentado en el pasado.; Otro, por favor describe: (text box)",,,,,specify other,,,gain_from_HTC,,
Excelente trabajo,Excelente trabajo,1,Dose,"¡Excelente trabajo! Esperamos que este breve entrenamiento haya ayudado a aclarar el propósito de estas historias cortas y lo que podrías obtener de MindTrails Español. En adelante, podrás elegir áreas de la vida que te causen más estrés para que las historias que leas sean más relevantes para ti. Durante las sesiones futuras, también recibirás consejos diseñados para ayudarte a manejar tus emociones, conectarte con recursos y aplicar lo que aprendas de las historias cortas a tu propia vida.",,,,,,,,,,,,,,,,
Excelente trabajo,Excelente trabajo,1,Dose,"Durante las próximas 4 semanas, recibirás notificaciones que te instarán a abrir la aplicación para completar actividades y encuestas. Esperamos que uses la aplicación 1-2 veces al día, pero entendemos que la vida puede interponerse y que es posible que necesites omitir algunas sesiones. Eso está bien, pero solo recuerda que el programa dura solo 6 semanas. También podrás acceder al contenido de la aplicación (actividades, recursos, etc.) en cualquier momento visitando la biblioteca bajo demanda desde la página de inicio.",,,,,,,,,,,,,,,,
Excelente trabajo,Excelente trabajo,1,Dose,¿Todavía tienes preguntas? ¡Contacta al equipo en MindTrailsEspanol@gmail.com! Estaremos encantados de programar una llamada por Zoom para abordar cualquier pregunta o inquietud que puedas tener.,,,,,,,,,,,,,,,,
EOD,Encuesta de Noche,All,EOD,"En general, hoy me sentí: \n\n1 = Muy mal/negativo\n\n7 = Muy bien/positivo",Slider,,1,7,,,,,,,,,,EOD_mood,,
EOD,Encuesta de Noche,All,EOD,Hoy pude pensar sobre situaciones estresantes o preocupantes de una manera nueva o diferente.\n\n1 = Nada verdadero\n\n7 = Muy verdadero,Slider,,1,7,,,,,,,,,,EOD_thinking,,
EOD,Encuesta de Noche,All,EOD,Pude manejar mis emociones hoy.\n\n1 = Nada efectivamente\n\n7 = Muy efectivamente,Slider,,1,7,,,,,,,,,,EOD_emotions,,
EOD,Encuesta de Noche,All,EOD,"Se te anima a completar 2 programas cortos de MindTrails Español mañana. Pensando en tu día de mañana, ¿hay momentos específicos en los que te gustaría recibir una notificación para completar un programa de ~5 minutos para ayudar a manejar una situación estresante o preocupante?",Scheduler,,,,,,,,,,,,,,,
Pre-session Check in,Registro previo a la sesión,All,BeforeDomain,"En este momento, me siento\n\n1 = Muy mal/negativo\n\n7 = Muy bien/positivo",Slider,,1,7,,,,,,,,StressLevel,,pre-EMA,,
Ejercicio de Limón - Abreviado,Ejercicio de Limón - Abreviado,All,BeforeDomain,Realmente intenta imaginarte en las próximas situaciones lo más vívidamente posible.,,,,,https://github.com/TeachmanLab/MindtrailsMobile_Resources/raw/main/HTC/protocols/protocol1/media/images/lemon/pic3.jpeg,,,,,,,,,,,
Estímulo de Imágenes Ansiosas,Estímulo de Imágenes Ansiosas,All,BeforeDomain,"En este ejercicio, por favor piensa en una situación PRÓXIMA que esperas que te haga sentir ansioso, preocupado o asustado. Elige una situación que te preocupe que pueda salir mal, o que esperas que provoque síntomas relacionados con la ansiedad (por ejemplo, corazón acelerado, sudoración). Cualquier situación que te haga sentir bastante ansioso o asustado funcionará, mientras que sea una situación que es probable que ocurra realmente.",,,,,,,,,,,,,"StressLevel; 6, 7",,,
Estímulo de Imágenes Ansiosas,Estímulo de Imágenes Ansiosas,All,BeforeDomain,"Por favor, describe la situación en algunas palabras:",Entry,,,,,,,,,,,,"StressLevel; 6, 7",entry_anxious_imagery,,
Estímulo de Imágenes Ansiosas,Estímulo de Imágenes Ansiosas,All,BeforeDomain,"Por favor, imagines la situación lo más vívidamente posible (es decir, para que se sienta muy real). Intentes imaginar que realmente estás en la situación. Reproduzcas las partes específicas de la situación en tu mente. Trates de imaginar usando todos tus sentidos mientras piensas en esta situación. Pienses en las cosas que verías, oirías y olerías si realmente estuvieras en esa situación. Piensa en los tipos de cosas que pensarías o sentirías si estuvieras allí realmente.",,,,,,,,,,,,,"StressLevel; 6, 7",,,
Estímulo de Imágenes Ansiosas,Estímulo de Imágenes Ansiosas,All,BeforeDomain,Reproduzcas esta situación en tu cabeza durante los próximos 20 segundos. \n\nLa pantalla cambiará en 20 segundos.,,,,,,,,20,Never,,,,"StressLevel; 6, 7",,,
Estímulo de Imágenes Ansiosas,Estímulo de Imágenes Ansiosas,All,BeforeDomain,¿Qué tan ansioso te sentiste (en el nivel más alto de ansiedad) al completar la tarea de imaginería? Presiona en la barra para ver el deslizador. \n\n0 = Absolutamente ninguna ansiedad. \n\n10 = Totalmente ansioso.,Slider,,0,10,,Prefiero no responder,,,,,,,"StressLevel; 6, 7",imagery_anxiety,,
Estímulo de Imágenes Ansiosas,Estímulo de Imágenes Ansiosas,All,BeforeDomain,¿Con qué viveza imaginaste la situación?,Buttons,,,,,Nada vívida; Algo vívida; Moderadamente vívida; Muy vívida; Totalmente vívida; Prefiero no responder,,,,,,,"StressLevel; 6, 7",imagery_vivid,,
Estímulo de Imágenes Ansiosas,Estímulo de Imágenes Ansiosas,All,BeforeDomain,¿Qué tan probable es que la situación o tarea resulte bien en comparación con resultar mal?,Buttons,,,,,Muy probable que salga bien; Algo probable que salga bien; Neutral; Algo probable que salga mal; Muy probable que salga mal; Prefiero no responder,,,,,,,"StressLevel; 6, 7",imagery_well,,
Estímulo de Imágenes Ansiosas,Estímulo de Imágenes Ansiosas,All,BeforeDomain,"Si esta situación saliera mal, ¿cómo podrías manejarla?",Buttons,,,,,Muy bien; Bastante bien; Neutral; Bastante mal; Muy mal; Prefiero no responder,,,,,,,"StressLevel; 6, 7",imagery_handling,,
Reminder for favorites,Recordatorio para favoritos,All,BeforeDomain,"¡Recuerda que puedes agregar cualquier historia, consejo y recurso a tus Favoritos haciendo clic en la estrella en la esquina superior derecha de la pantalla!",,,,,,,,,,,,,,,,
Registro posterior a la sesión,Registro posterior a la sesión,All,AfterDomain,"En este momento, me siento\n\n1 = Muy mal/negativo\n\n7 = Muy bien/positivo",Slider,,1,7,,,,,,,,,,post-EMA-1,,
Registro posterior a la sesión,Registro posterior a la sesión,All,AfterDomain,El programa me ayudó a pensar en una situación estresante o molesta de una manera nueva o diferente.\n\n1 = Nada verdadero\n\n7 = Muy verdadero,Slider,,1,7,,,,,,,,,,post-EMA-2,,
Registro posterior a la sesión,Registro posterior a la sesión,All,AfterDomain,"Con el programa, puedo manejar mis emociones hoy.\n\n1 = Nada efectivamente\n\n7 = Muy efectivamente",Slider,,1,7,,,,,,,,,,post-EMA-3,,
Great job,Excelente trabajo,All,AfterDomain,¡Gracias y buen trabajo! ¡Nos vemos la próxima vez!,,,,,,,,,,,,,,,,
Anxiety Scale,Escala de Ansiedad,1,Dose,"Durante la última semana, ¿con qué frecuencia te has sentido ansioso?",Buttons,,,,,No me sentí ansioso durante la última semana.; Ansiedad infrecuente. Me sentí ansioso en algunos momentos.; Ansiedad ocasional. La mitad del tiempo me sentí ansioso y la otra mitad no. Me costó relajarme.; Ansiedad frecuente. Me sentí ansioso la mayor parte del tiempo. Me resultó muy difícil relajarme.; Ansiedad constante. Me sentí ansioso todo el tiempo y nunca llegué a relajarme.; Prefiero no responder.,,,,,,,,biweekly_days_anxious,,
Anxiety Scale,Escala de Ansiedad,1,Dose,"Durante la última semana, cuando te sentiste ansioso, ¿cómo de intensa o grave fue tu ansiedad?",Buttons,,,,,"Poco o nada. La ansiedad estuvo ausente o casi no la noté.; Leve. La ansiedad fue de baja intensidad. Pude relajarme cuando lo intenté. Los síntomas físicos fueron solo un poco molestos.; Moderada. La ansiedad me generó malestar en algunos momentos. Me resultó difícil relajarme o concentrarme, pero pude hacerlo cuando lo intenté. Los síntomas físicos fueron molestos.; Severa. La ansiedad fue intensa la mayor parte del tiempo. Me resultó muy difícil relajarme o concentrarme en cualquier otra cosa. Los síntomas físicos fueron enormemente molestos.; Extrema. La ansiedad me sobrepasó. Me fue totalmente imposible relajarme. Los síntomas físicos fueron insoportables; Prefiero no responder.",,,,,,,,biweekly_intensity_anxiety,,
Anxiety Scale,Escala de Ansiedad,1,Dose,"Durante la última semana, ¿con qué frecuencia evitaste situaciones, lugares, objetos o actividades debido a tu ansiedad
o miedo?",Buttons,,,,,"Ninguna. No evité lugares, situaciones, actividades o cosas por miedo.; Infrecuente. Evité algunas cosas de vez en cuando, pero por lo general me enfrenté a las situaciones u objetos. Mi estilo de vida no se vio afectado.; Ocasional. Tuve algo de miedo a ciertas situaciones, lugares u objetos, pero todavía pudo manejarlos. Mi estilo de vida sufrió pocos cambios. Siempre o casi siempre evité las cosas que me dan miedo si estaba solo, pero las pude manejar si alguien venía conmigo.; Frecuente. Tuve bastante miedo y realmente intenté evitar las cosas que me asustan. He hecho cambios significativos en mi estilo de vida para evitar objetos, situaciones, actividades o lugares.; Todo el tiempo. Evitar objetos, situaciones, actividades o lugares ha ocupado gran parte de mi vida. Mi estilo de vida se ha visto enormemente afectado y ya no hago cosas con las que solía disfrutar; Prefiero no responder.",,,,,,,,biweekly_avoid,,
Anxiety Scale,Escala de Ansiedad,1,Dose,"Durante la última semana, ¿en qué medida ha interferido la ansiedad en tu capacidad para hacer las cosas que
necesitabas hacer en el trabajo, el colegio o en tu hogar?",Buttons,,,,,"Nada. La ansiedad no interfirió en mi trabajo/hogar/colegio.; Leve. La ansiedad me causó algo de interferencia en mi trabajo/hogar/colegio. Las cosas eran más difíciles, pero pude realizar todo lo que necesitaba hacer.; Moderada. La ansiedad definitivamente interfirió en mis tareas. He podido realizar la mayoría de las cosas, pero solo algunas las he hecho tan bien como en el pasado.; Severa. La ansiedad verdaderamente ha cambiado mi capacidad para hacer las cosas. Algunas cosas las he podido realizar, pero otras no. Mi rendimiento se ha visto definitivamente afectado.; Extrema. La ansiedad ha llegado a ser incapacitante. He sido incapaz de completar mis tareas y he tenido que irme del colegio, he dejado o me han
despedido de mi trabajo o he sido incapaz de completar las tareas del hogar y he sufrido consecuencias como desalojos, cobradores de facturas, etc.; Prefiero no responder.",,,,,,,,biweekly_interfere_work,,
Anxiety Scale,Escala de Ansiedad,1,Dose,"Durante la última semana, ¿en qué medida ha interferido la ansiedad en tu vida social y en tus relaciones?",Buttons,,,,,"Nada. La ansiedad no interfirió en mis relaciones.; Leve. La ansiedad apenas interfirió en mis relaciones. Algunas de mis amistades y otras relaciones se han visto afectadas, pero en conjunto mi vida social sigue siendo satisfactoria.; Moderada. La ansiedad interfirió algo en mi vida social, pero sigo teniendo algunas relaciones cercanas. No paso tanto tiempo con otros como en el pasado,
pero sigo teniendo relaciones sociales algunas veces.; Severa. Mis amistades y otras relaciones se han visto muy afectadas a causa de mi ansiedad. No disfruto de las actividades sociales. Tengo muy pocas relaciones sociales.; Extrema. La ansiedad ha alterado completamente mis actividades sociales. Todas mis relaciones se han visto afectadas o han finalizado. Mi vida familiar es
extremadamente tensa.; Prefiero no responder.",,,,,,,,biweekly_interfere_social,,
Sadness scale,Escala de Tristeza,1,Dose,"Durante las últimas 2 semanas, ¿qué tan seguido ha tenido molestias debido a los siguientes problemas?:\n\nPoco interés o placer en hacer cosas",Buttons,,,,,Ningún día; Varios días; Más de la mitad de los días; Casi todos los días; Prefiero no responder.,,,,,,,,biweekly_interest,,
Sadness scale,Escala de Tristeza,1,Dose,"Durante las últimas 2 semanas, ¿qué tan seguido ha tenido molestias debido a los siguientes problemas?:\n\nSe ha sentido decaído(a), deprimido(a) o
sin esperanzas",Buttons,,,,,Ningún día; Varios días; Más de la mitad de los días; Casi todos los días; Prefiero no responder.,,,,,,,,biweekly_depressed,,
Stress scale,Escala de Estrés,1,Dose,"En el último mes, ¿con qué frecuencia ha sentido que no podía controlar las cosas importantes en su vida?",Buttons,,,,,Nunca; Casi nunca; A veces; Bastante seguido; Muy seguido; Prefiero no responder,,,,,,,,biweekly_control,,
Stress scale,Escala de Estrés,1,Dose,"En el último mes, ¿con qué frecuencia ha sentido confianza en su capacidad para manejar sus problemas personales?",Buttons,,,,,Nunca; Casi nunca; A veces; Bastante seguido; Muy seguido; Prefiero no responder,,,,,,,,biweekly_personal,,
Stress scale,Escala de Estrés,1,Dose,"En el último mes, ¿con qué frecuencia ha sentido que las cosas iban a su manera?",Buttons,,,,,Nunca; Casi nunca; A veces; Bastante seguido; Muy seguido; Prefiero no responder,,,,,,,,biweekly_way,,
Stress scale,Escala de Estrés,1,Dose,"En el último mes, ¿con qué frecuencia ha sentido que las dificultades se acumulaban tan alto que no podía superarlas?",Buttons,,,,,Nunca; Casi nunca; A veces; Bastante seguido; Muy seguido; Prefiero no responder,,,,,,,,biweekly_difficulties,,
Medidas de sesgo de interpretación,Un Ejercicio Breve,1,Dose,"En este breve ejercicio, leerás varios cuentos cortos.\n\nPor favor, lee cada uno con atención e intenta imaginar estar en la situación.\n\nLa última palabra de cada cuento está incompleta. Haz clic en la letra faltante para completar la palabra.\n\nDespués de completar correctamente la palabra, se te hará una pregunta sobre el cuento. Responde la pregunta basándote en la información del cuento.",,,,,,,,,,,,,,,,
Interpretation Bias Measures,El Ascensor,1,Dose,"Estás en el vestíbulo del nuevo edificio de apartamentos de tu amigo. Presionas el botón del ascensor para subir. El edificio parece antiguo. Mientras subes en el ascensor, piensas en su...",Puzzle,,,,,seguridad,,,,,,,,IBM_elevator_puzzle,,
Interpretation Bias Measures,El Ascensor,1,Dose,¿Pensaste en la seguridad del ascensor?,Buttons,,,,,Si; No,,,,Yes,,,,IBM_elevator,,
Interpretation Bias Measures,La Recepción de Boda,1,Dose,"Tu amiga te pide que des un discurso en su recepción de bodas. Preparas algunos comentarios y cuando llega el momento, te pones de pie. Mientras hablas, notas que algunas personas en la audiencia comienzan a...",Puzzle,,,,,reír,,,,,,,,IBM_wedding_puzzle,,
Interpretation Bias Measures,La Recepción de Boda,1,Dose,¿Se ríe la audiencia cuando hablas?,Buttons,,,,,Si; No,,,,Yes,,,,IBM_wedding,,
Interpretation Bias Measures,El Trabajo,1,Dose,"Actualmente estás trabajando como contratista para una empresa. Una vez que este trabajo esté terminado, estarás sin empleo hasta que puedas encontrar tu próximo trabajo. Piensas en no tener ingresos durante algunas semanas y en tu futura...",Puzzle,,,,,finanza,,,,,,,,IBM_job_puzzle,,
Interpretation Bias Measures,El Trabajo,1,Dose,¿Estarás sin ingresos pronto?,Buttons,,,,,Si; No,,,,Yes,,,,IBM_job,,
Interpretation Bias Measures,El Ruido Fuerte,1,Dose,Te despiertas en medio de la noche por un ruido fuerte. No estás seguro de qué causó el ruido y sales de tu dormitorio para ver qué pasó. Caminas...,Puzzle,,,,,abajo,,,,,,,,IBM_noise_puzzle,,
Interpretation Bias Measures,El Ruido Fuerte,1,Dose,¿Te han despertado en medio de la noche?,Buttons,,,,,Si; No,,,,Yes,,,,IBM_noise,,
Interpretation Bias Measures,Encuentro con un Amigo,1,Dose,"En la calle te encuentras con una vieja amiga a la que no has visto por mucho tiempo. Ella está demasiada ocupada para detenerse, así que acuerdan encontrarse más tarde en un bar. Llegas un poco tarde, pero el bar está vacío y unos minutos después ella todavía no está...",Puzzle,,,,,ahí,,,,,,,,IBM_friend_puzzle,,
Interpretation Bias Measures,Encuentro con un Amigo,1,Dose,¿Se detuvo tu amiga?,Buttons,,,,,Si; No,,,,No,,,,IBM_friend,,
Interpretation Bias Measures,El Almuerzo,1,Dose,"Estás almorzando con una amiga. Mientras comienzas a comer tu ensalada, describes tus planes para el fin de semana. Por accidente, dejas caer un trozo de lechuga y tu amiga mira a...",Puzzle,,,,,ti,,,,,,,,IBM_lunch_puzzle,,
Interpretation Bias Measures,El Almuerzo,1,Dose,¿Comes una ensalada para el almuerzo?,Buttons,,,,,Si; No,,,,Yes,,,,IBM_lunch,,
Interpretation Bias Measures,La Raspadura,1,Dose,"Estás jugando fútbol con algunos amigos. Mientras corres hacia el balón, tropiezas y te raspas la rodilla. La raspadura duele un poco, pero no...",Puzzle,,,,,sangra,,,,,,,,IBM_scrape_puzzle,,
Interpretation Bias Measures,La Raspadura,1,Dose,¿Estás jugando fútbol con tu amigo?,Buttons,,,,,Si; No,,,,No,,,,IBM_scrape,,
Interpretation Bias Measures,La Excursión de Compras,1,Dose,"Estás en el centro comercial con tu amigo. Mientras están de compras, ellos te cuentna cómo varios de sus amigos recientemente han contraído una enfermedad extraña. Piensas en tu salud reciente y te preguntas si te...",Puzzle,,,,,enfermarás,,,,,,,,IBM_shopping_puzzle,,
Interpretation Bias Measures,La Excursión de Compras,1,Dose,¿Estás de compras solo/a?,Buttons,,,,,Si; No,,,,No,,,,IBM_shopping,,
Interpretation Bias Measures,La Prueba de Sangre,1,Dose,"Estás en una cita médica de rutina. En la cita, el médico decide realizar algunas pruebas de sangre para verificar tu salud. El médico dice que te llamará en unas semanas y sabrás los resultados de tus pruebas en ese...",Puzzle,,,,,momento,,,,,,,,IBM_blood_puzzle,,
Interpretation Bias Measures,La Prueba de Sangre,1,Dose,¿Te hicieron pruebas de sangre?,Buttons,,,,,Si; No,,,,Yes,,,,IBM_blood,,
Interpretation Bias Measures,Algunas preguntas,1,Dose,"A continuación, verás los títulos de los nueve cuentos cortos que acabas de leer. Después de cada uno, verás cuatro frases. Ninguna de estas frases es idéntica al cuento original, pero algunas son más similares que otras.\n\nRecuerda el cuento que leíste y califica qué tan similar es cada frase a lo que leíste en el cuento original. Estamos interesados en tu comprensión del cuento original, ya sea que coincida o no con lo que personalmente pensarías o harías en esa situación.",,,,,,,,,,,,,,,,
Interpretation Bias Measures,El Ascensor,1,Dose,"EL ASCENSOR: El edificio parece antiguo y, mientras te subes al ascensor...\n\nPiensas que probablemente el ascensor se averiará mientras estás en él.",Buttons,,,,,Muy diferente; Diferente; Similar; Muy similar; Prefiero no responder,,,,,,,,IBM_elevator_interpretation_1,,
Interpretation Bias Measures,El Ascensor,1,Dose,"EL ASCENSOR: El edificio parece antiguo y, mientras te subes al ascensor...\n\nPiensas que te va a gustar el nuevo apartamento de tu amigo.",Buttons,,,,,Muy diferente; Diferente; Similar; Muy similar; Prefiero no responder,,,,,,,,IBM_elevator_interpretation_2,,
Interpretation Bias Measures,El Ascensor,1,Dose,"EL ASCENSOR: El edificio parece antiguo y, mientras te subes al ascensor...\n\nPiensas en lo maloliente que es el vestíbulo.",Buttons,,,,,Muy diferente; Diferente; Similar; Muy similar; Prefiero no responder,,,,,,,,IBM_elevator_interpretation_3,,
Interpretation Bias Measures,El Ascensor,1,Dose,"EL ASCENSOR: El edificio parece antiguo y, mientras te subes al ascensor...\n\nPiensas que ir en el ascensor será seguro.",Buttons,,,,,Muy diferente; Diferente; Similar; Muy similar; Prefiero no responder,,,,,,,,IBM_elevator_interpretation_4,,
Interpretation Bias Measures,La Recepción de Boda,1,Dose,LA RECEPCIÓN DE BODA: Al entrar a la sala...\n\nLa gente en la audiencia se ríe en señal de aprecio.,Buttons,,,,,Muy diferente; Diferente; Similar; Muy similar; Prefiero no responder,,,,,,,,IBM_wedding_interpretation_1,,
Interpretation Bias Measures,La Recepción de Boda,1,Dose,LA RECEPCIÓN DE BODA: Al entrar a la sala...\n\nVes un amigo al que esperabas ver entrar a la recepción.,Buttons,,,,,Muy diferente; Diferente; Similar; Muy similar; Prefiero no responder,,,,,,,,IBM_wedding_interpretation_2,,
Interpretation Bias Measures,La Recepción de Boda,1,Dose,LA RECEPCIÓN DE BODA: Al entrar a la sala...\n\nLa gente en la audiencia encuentra risible tus esfuerzos.,Buttons,,,,,Muy diferente; Diferente; Similar; Muy similar; Prefiero no responder,,,,,,,,IBM_wedding_interpretation_3,,
Interpretation Bias Measures,La Recepción de Boda,1,Dose,LA RECEPCIÓN DE BODA: Al entrar a la sala...\n\nVes a alguien que no te cae bien entrar en la recepción.,Buttons,,,,,Muy diferente; Diferente; Similar; Muy similar; Prefiero no responder,,,,,,,,IBM_wedding_interpretation_4,,
Interpretation Bias Measures,El Trabajo,1,Dose,EL TRABAJO: Piensas en no tener ingresos durante algunas semanas...\n\nY sabes que puedes depender en tus ahorros.,Buttons,,,,,Muy diferente; Diferente; Similar; Muy similar; Prefiero no responder,,,,,,,,IBM_job_interpretation_1,,
Interpretation Bias Measures,El Trabajo,1,Dose,EL TRABAJO: Piensas en no tener ingresos durante algunas semanas...\n\nY te emociona no tener que poner una alarma.,Buttons,,,,,Muy diferente; Diferente; Similar; Muy similar; Prefiero no responder,,,,,,,,IBM_job_interpretation_2,,
Interpretation Bias Measures,El Trabajo,1,Dose,EL TRABAJO: Piensas en no tener ingresos durante algunas semanas...\n\nY te preocupas por quedarte sin dinero.,Buttons,,,,,Muy diferente; Diferente; Similar; Muy similar; Prefiero no responder,,,,,,,,IBM_job_interpretation_3,,
Interpretation Bias Measures,El Trabajo,1,Dose,EL TRABAJO: Piensas en no tener ingresos durante algunas semanas...\n\nY estás triste por dejar a tus compañeros de trabajo actuales.,Buttons,,,,,Muy diferente; Diferente; Similar; Muy similar; Prefiero no responder,,,,,,,,IBM_job_interpretation_4,,
Interpretation Bias Measures,El Ruido Fuerte,1,Dose,EL RUIDO FUERTE: Mientras bajas las escaleras...\n\nTe sientes feliz y piensas en lo hermoso que es tu casa.,Buttons,,,,,Muy diferente; Diferente; Similar; Muy similar; Prefiero no responder,,,,,,,,IBM_loud_interpretation_1,,
Interpretation Bias Measures,El Ruido Fuerte,1,Dose,EL RUIDO FUERTE: Mientras bajas las escaleras...\n\nTe sientes asustado/a y te preocupa no poder manejar el miedo.,Buttons,,,,,Muy diferente; Diferente; Similar; Muy similar; Prefiero no responder,,,,,,,,IBM_loud_interpretation_2,,
Interpretation Bias Measures,El Ruido Fuerte,1,Dose,"EL RUIDO FUERTE: Mientras bajas las escaleras...\n\nTe sientes asustado/a, pero sabes que puedes tolerar la sensación.",Buttons,,,,,Muy diferente; Diferente; Similar; Muy similar; Prefiero no responder,,,,,,,,IBM_loud_interpretation_3,,
Interpretation Bias Measures,El Ruido Fuerte,1,Dose,EL RUIDO FUERTE: Mientras bajas las escaleras...\n\nSientes frío y piensas en cómo la casa necesita una mejor calefacción.,Buttons,,,,,Muy diferente; Diferente; Similar; Muy similar; Prefiero no responder,,,,,,,,IBM_loud_interpretation_4,,
Interpretation Bias Measures,Encuentro con un Amigo,1,Dose,ENCUENTRO CON UN AMIGO: Llegas un poco tarde y...\n\nOrdenas tu merienda favorita.,Buttons,,,,,Muy diferente; Diferente; Similar; Muy similar; Prefiero no responder,,,,,,,,IBM_friend_interpretation_1,,
Interpretation Bias Measures,Encuentro con un Amigo,1,Dose,ENCUENTRO CON UN AMIGO: Llegas un poco tarde y...\n\nTe das cuenta de que el bar huele mal.,Buttons,,,,,Muy diferente; Diferente; Similar; Muy similar; Prefiero no responder,,,,,,,,IBM_friend_interpretation_2,,
Interpretation Bias Measures,Encuentro con un Amigo,1,Dose,"ENCUENTRO CON UN AMIGO: Llegas un poco tarde y...\n\nRecibes una llamada de tu amiga que está en camino, pero llegará tarde.",Buttons,,,,,Muy diferente; Diferente; Similar; Muy similar; Prefiero no responder,,,,,,,,IBM_friend_interpretation_3,,
Interpretation Bias Measures,Encuentro con un Amigo,1,Dose,ENCUENTRO CON UN AMIGO: Llegas un poco tarde y...\n\nPiensas que tu amiga decidió que no quería verte.,Buttons,,,,,Muy diferente; Diferente; Similar; Muy similar; Prefiero no responder,,,,,,,,IBM_friend_interpretation_4,,
Interpretation Bias Measures,El Almuerzo,All,Biweekly,EL ALMUERZO: Tu amiga te mira...\n\nPorque piensa que eres desaliñado/a.,Buttons,,,,,Muy diferente; Diferente; Similar; Muy similar; Prefiero no responder,,,,,,,,IBM_lunch_interpretation_1,,
Interpretation Bias Measures,El Almuerzo,All,Biweekly,EL ALMUERZO: Tu amiga te mira...\n\nY frunces el ceño porque olvidaste traer agua para el almuerzo,Buttons,,,,,Muy diferente; Diferente; Similar; Muy similar; Prefiero no responder,,,,,,,,IBM_lunch_interpretation_2,,
Interpretation Bias Measures,El Almuerzo,All,Biweekly,EL ALMUERZO: Tu amiga te mira...\n\nPorque está prestando atención mientras describes tus planes de fin de semana.,Buttons,,,,,Muy diferente; Diferente; Similar; Muy similar; Prefiero no responder,,,,,,,,IBM_lunch_interpretation_3,,
Interpretation Bias Measures,El Almuerzo,All,Biweekly,EL ALMUERZO: Tu amiga te mira...\n\nY sonríes porque tu almuerzo sabe rico.,Buttons,,,,,Muy diferente; Diferente; Similar; Muy similar; Prefiero no responder,,,,,,,,IBM_lunch_interpretation_4,,
Interpretation Bias Measures,La Raspadura,All,Biweekly,LA RASPADURA: La raspadura duele un poco...\n\nY piensas que probablemente se infectará gravemente.,Buttons,,,,,Muy diferente; Diferente; Similar; Muy similar; Prefiero no responder,,,,,,,,IBM_scrape_interpretation_1,,
Interpretation Bias Measures,La Raspadura,All,Biweekly,LA RASPADURA: La raspadura duele un poco...\n\nY te frustras porque rasgaste tus pantalones cortos.,Buttons,,,,,Muy diferente; Diferente; Similar; Muy similar; Prefiero no responder,,,,,,,,IBM_scrape_interpretation_2,,
Interpretation Bias Measures,La Raspadura,All,Biweekly,LA RASPADURA: La raspadura duele un poco...\n\nPero sabes que estarás bien.,Buttons,,,,,Muy diferente; Diferente; Similar; Muy similar; Prefiero no responder,,,,,,,,IBM_scrape_interpretation_3,,
Interpretation Bias Measures,La Raspadura,All,Biweekly,LA RASPADURA: La raspadura duele un poco...\n\nPero estás feliz de que estás haciendo ejercicio.,Buttons,,,,,Muy diferente; Diferente; Similar; Muy similar; Prefiero no responder,,,,,,,,IBM_scrape_interpretation_4,,
Interpretation Bias Measures,La Excursión de Compras,All,Biweekly,LA EXCURSIÓN DE COMPRAS: Piensas en tu salud reciente...\n\nY piensas que probablemente estás empezando a sentir los síntomas de la extraña enfermedad.,Buttons,,,,,Muy diferente; Diferente; Similar; Muy similar; Prefiero no responder,,,,,,,,IBM_shopping_interpretation_1,,
Interpretation Bias Measures,La Excursión de Compras,All,Biweekly,LA EXCURSIÓN DE COMPRAS: Piensas en tu salud reciente...\n\nY piensas que es poco probable que contraigas la extraña enfermedad.,Buttons,,,,,Muy diferente; Diferente; Similar; Muy similar; Prefiero no responder,,,,,,,,IBM_shopping_interpretation_2,,
Interpretation Bias Measures,La Excursión de Compras,All,Biweekly,LA EXCURSIÓN DE COMPRAS: Piensas en tu salud reciente...\n\nY sonríes porque disfrutas ir de compras.,Buttons,,,,,Muy diferente; Diferente; Similar; Muy similar; Prefiero no responder,,,,,,,,IBM_shopping_interpretation_3,,
Interpretation Bias Measures,La Excursión de Compras,All,Biweekly,LA EXCURSIÓN DE COMPRAS: Piensas en tu salud reciente...\n\nY te sientes aburrido/a de ir de compras.,Buttons,,,,,Muy diferente; Diferente; Similar; Muy similar; Prefiero no responder,,,,,,,,IBM_shopping_interpretation_4,,
Interpretation Bias Measures,La Prueba de Sangre,All,Biweekly,LA PRUEBA DE SANGRE: El médico dice que te llamará en unas semanas...\n\nY piensas en lo amable que es tu médico.,Buttons,,,,,Muy diferente; Diferente; Similar; Muy similar; Prefiero no responder,,,,,,,,IBM_blood_interpretation_1,,
Interpretation Bias Measures,La Prueba de Sangre,All,Biweekly,LA PRUEBA DE SANGRE: El médico dice que te llamará en unas semanas...\n\nY estás molesto/a porque tu médico no es muy amable.,Buttons,,,,,Muy diferente; Diferente; Similar; Muy similar; Prefiero no responder,,,,,,,,IBM_blood_interpretation_2,,
Interpretation Bias Measures,La Prueba de Sangre,All,Biweekly,LA PRUEBA DE SANGRE: El médico dice que te llamará en unas semanas...\n\nY piensas que no podrás soportar tu ansiedad mientras esperas.,Buttons,,,,,Muy diferente; Diferente; Similar; Muy similar; Prefiero no responder,,,,,,,,IBM_blood_interpretation_3,,
Interpretation Bias Measures,La Prueba de Sangre,All,Biweekly,LA PRUEBA DE SANGRE: El médico dice que te llamará en unas semanas...\n\nY sabes que puedes manejar tu ansiedad mientras esperas.,Buttons,,,,,Muy diferente; Diferente; Similar; Muy similar; Prefiero no responder,,,,,,,,IBM_blood_interpretation_4,,
Track Your Progress,Tu Experiencia,Semana 2,Biweekly,¿Qué tan útil encuentras MindTrails Español para reducir tu ansiedad?,Buttons,,,,,Nada útil; Un poco útil; Algo útil; Mayormente útil; Muy útil; Prefiero no responder,,,,,,,,reduce_anxiety,,
Track Your Progress,Tu Experiencia,Semana 2,Biweekly,¿Cuánto mantiene tu interés y atención MindTrails Español?,Buttons,,,,,Nada; Un poco; Algo; Mayormente; Mucho; Prefiero no responder,,,,,,,,keep_interest,,
Track Your Progress,Tu Experiencia,Semana 2,Biweekly,¿Cuánto pudiste relacionarte con las historias presentadas durante las sesiones de entrenamiento?,Buttons,,,,,Nada; Un poco; Algo; Mayormente; Mucho; Prefiero no responder,,,,,,,,relate_scenarios,,
Track Your Progress,Tu Experiencia,Semana 2,Biweekly,¿Hasta qué punto los escenarios del entrenamiento reflejan situaciones que son importantes para ti?,Buttons,,,,,Nada; Un poco; Algo; Mayormente; Mucho; Prefiero no responder,,,,,,,,relate_scenarios,,
Track Your Progress,Tu Experiencia,Semana 2,Biweekly,¿Hasta qué punto los escenarios del entrenamiento reflejan situaciones que son importantes para tu familia y comunidad?,Buttons,,,,,Nada; Un poco; Algo; Mayormente; Mucho; Prefiero no responder,,,,,,,,relate_scenarios,,
Track Your Progress,Tu Experiencia,Semana 2,Biweekly,¿Qué tan creíbles encontraste los finales de las historias en términos de que esos resultados ocurran en tu vida?,Buttons,,,,,Nada; Un poco; Algo; Mayormente; Mucho; Prefiero no responder,,,,,,,,believable_scenarios,,
Track Your Progress,Tu Experiencia,Semana 2,Biweekly_Control,¿Cuánto te gusta la apariencia de MindTrails Español?,Buttons,,,,,Nada; Un poco; Algo; Mayormente; Mucho; Prefiero no responder,,,,,,,,UI,,
Track Your Progress,Tu Experiencia,Semana 2,Biweekly,¿Cuánto te gusta la apariencia de MindTrails Español?,Buttons,,,,,Nada; Un poco; Algo; Mayormente; Mucho; Prefiero no responder,,,,,,,,UI,,
Track Your Progress,Tu Experiencia,Semana 2,Biweekly_Control,¿Qué tan fácil es usar MindTrails Español?,Buttons,,,,,Nada; Un poco; Algo; Mayormente; Mucho; Prefiero no responder,,,,,,,,easy_to_use,,
Track Your Progress,Tu Experiencia,Semana 2,Biweekly,¿Qué tan fácil es usar MindTrails Español?,Buttons,,,,,Nada; Un poco; Algo; Mayormente; Mucho; Prefiero no responder,,,,,,,,easy_to_use,,
Track Your Progress,Tu Experiencia,Semana 2,Biweekly,Encuentro que las sesiones de entrenamiento son:,Buttons,,,,,Demasiado cortas; Algo cortas; La longitud adecuada; Algo largas; Demasiado largas; Prefiero no responder,,,,,,,,find_sessions,,
Track Your Progress,Tu Experiencia,Semana 2,Biweekly,¿Qué útil te resulta la encuesta de noche que te permite elegir cuándo completar el entrenamiento al día siguiente?,Buttons,,,,,Nada útil; Un poco útil; Algo útil; Mayormente útil; Muy útil; Prefiero no responder,,,,,,,,nightly_survey_use,,
Track Your Progress,Tu Experiencia,Semana 2,Biweekly,¿Cuánto te identificas con los pronombres y conjugaciones utilizados en el programa?,Buttons,,,,,Nada; Un poco; Algo; Mayormente; Mucho; Prefiero no responder,,,,,,,,,,
Track Your Progress,Tu Experiencia,Semana 4,Biweekly,¿Qué tan útil encuentras MindTrails Español para reducir tu ansiedad?,Buttons,,,,,Nada útil; Un poco útil; Algo útil; Mayormente útil; Muy útil; Prefiero no responder,,,,,,,,reduce_anxiety,,
Track Your Progress,Tu Experiencia,Semana 4,Biweekly,¿Cuánto mantiene tu interés y atención MindTrails Español?,Buttons,,,,,Nada; Un poco; Algo; Mayormente; Mucho; Prefiero no responder,,,,,,,,keep_interest,,
Track Your Progress,Tu Experiencia,Semana 4,Biweekly,¿Cuánto pudiste relacionarte con las historias presentadas durante las sesiones de entrenamiento?,Buttons,,,,,Nada; Un poco; Algo; Mayormente; Mucho; Prefiero no responder,,,,,,,,relate_scenarios,,
Track Your Progress,Tu Experiencia,Semana 4,Biweekly,¿Hasta qué punto los escenarios del entrenamiento reflejan situaciones que son importantes para ti?,Buttons,,,,,Nada; Un poco; Algo; Mayormente; Mucho; Prefiero no responder,,,,,,,,relate_scenarios,,
Track Your Progress,Tu Experiencia,Semana 4,Biweekly,¿Hasta qué punto los escenarios del entrenamiento reflejan situaciones que son importantes para tu familia y comunidad?,Buttons,,,,,Nada; Un poco; Algo; Mayormente; Mucho; Prefiero no responder,,,,,,,,relate_scenarios,,
Track Your Progress,Tu Experiencia,Semana 4,Biweekly,¿Qué tan creíbles encontraste los finales de las historias en términos de que esos resultados ocurran en tu vida?,Buttons,,,,,Nada; Un poco; Algo; Mayormente; Mucho; Prefiero no responder,,,,,,,,believable_scenarios,,
Track Your Progress,Tu Experiencia,Semana 4,Biweekly,¿Qué tan preocupado estás por tu privacidad al usar MindTrails Español?,Buttons,,,,,Nada; Un poco; Algo; Mayormente; Mucho; Prefiero no responder,,,,,,,,privacy,,
Track Your Progress,Tu Experiencia,Semana 4,Biweekly,¿Qué tan cansadoras encuentras las sesiones de entrenamiento?,Buttons,,,,,Nada; Un poco; Algo; Mayormente; Mucho; Prefiero no responder,,,,,,,,tiring_training,,
Track Your Progress,Tu Experiencia,Semana 4,Biweekly,¿Qué tan cansadores encuentras las evaluaciones?,Buttons,,,,,Nada; Un poco; Algo; Mayormente; Mucho; Prefiero no responder,,,,,,,,tiring_assessments,,
Track Your Progress,Tu Experiencia,Semana 4,Biweekly,¿Qué tan útiles encuentras las estrategias y consejos proporcionados por la aplicación?,Buttons,,,,,Nada; Un poco; Algo; Mayormente; Mucho; Prefiero no responder,,,,,,,,tips_use,,
Track Your Progress,Tu Experiencia,Semana 4,Biweekly,¿Cuánto te identificas con los pronombres y conjugaciones utilizados en el programa?,Buttons,,,,,Nada; Un poco; Algo; Mayormente; Mucho; Prefiero no responder,,,,,,,,,,
Track Your Progress,Tu Experiencia,Semana 6,Biweekly,¿Qué tan útil encuentras MindTrails Español para reducir tu ansiedad?,Buttons,,,,,Nada útil; Un poco útil; Algo útil; Mayormente útil; Muy útil; Prefiero no responder,,,,,,,,reduce_anxiety,,
Track Your Progress,Tu Experiencia,Semana 6,Biweekly,¿Cuánto pudiste relacionarte con las historias presentadas durante las sesiones de entrenamiento?,Buttons,,,,,Nada; Un poco; Algo; Mayormente; Mucho; Prefiero no responder,,,,,,,,relate_scenarios,,
Track Your Progress,Tu Experiencia,Semana 6,Biweekly,¿Hasta qué punto los escenarios del entrenamiento reflejan situaciones que son importantes para ti?,Buttons,,,,,Nada; Un poco; Algo; Mayormente; Mucho; Prefiero no responder,,,,,,,,relate_scenarios,,
Track Your Progress,Tu Experiencia,Semana 6,Biweekly,¿Hasta qué punto los escenarios del entrenamiento reflejan situaciones que son importantes para tu familia y comunidad?,Buttons,,,,,Nada; Un poco; Algo; Mayormente; Mucho; Prefiero no responder,,,,,,,,relate_scenarios,,
Track Your Progress,Tu Experiencia,Semana 6,Biweekly,¿Qué tan creíbles encontraste los finales de las historias en términos de que esos resultados ocurran en tu vida?,Buttons,,,,,Nada; Un poco; Algo; Mayormente; Mucho; Prefiero no responder,,,,,,,,believable_scenarios,,
Track Your Progress,Tu Experiencia,Semana 6,Biweekly,¿Qué tan probable sería que recomiendes MindTrails Español a otras personas con dificultades similares de ansiedad?,Buttons,,,,,Nada; Un poco; Algo; Mayormente; Mucho; Prefiero no responder,,,,,,,,recommend,,
Track Your Progress,Tu Experiencia,Semana 6,Biweekly,¿Qué tan probable es que recomiendes MindTrails a otras personas hispanohablantes que tienen problemas con la ansiedad?,Buttons,,,,,Nada; Un poco; Algo; Mayormente; Mucho; Prefiero no responder,,,,,,,,recommend,,
Track Your Progress,Tu Experiencia,Semana 6,Biweekly,¿Tienes síntomas de ansiedad o depresión de moderados a graves?,Buttons,,,,,Si::Si; No::No; No estoy seguro::No estoy seguro,,,,,,AnxietyDepressionSymptoms,,anxiety_or_depression,,
Track Your Progress,Tu Experiencia,Semana 6,Biweekly,"¿Qué tan abierto o interesado estás en buscar otras formas de tratamiento de un profesional de salud mental (por ejemplo, terapia, medicación) en comparación con antes de comenzar el programa?",Buttons,,,,,"Mucho más probable; Un poco más probable; Igualmente probable; Un poco menos probable; Mucho menos probable; No aplica (por ejemplo, actualmente estoy recibiendo otro tipo de tratamiento); Prefiero no responder",,,,,,,,interest_in_therapy,,
Track Your Progress,Tu Experiencia,Semana 6,Biweekly,"¿Qué tan abierto o interesado estás en buscar otras formas de tratamiento de un profesional de salud mental (por ejemplo, terapia, medicación) en comparación con antes de comenzar el programa?",Buttons,,,,,"Mucho más probable; Un poco más probable; Igualmente probable; Un poco menos probable; Mucho menos probable; No aplica (por ejemplo, actualmente estoy recibiendo otro tipo de tratamiento); Prefiero no responder",,,,,,,,interest_in_therapy,,
Track Your Progress,Tu Experiencia,Semana 6,Biweekly,¿Qué tan útiles encontraste los recursos y referencias proporcionados en la aplicación?,Buttons,,,,,Nada; Un poco; Algo; Mayormente; Mucho; Prefiero no responder,,,,,,,,resources_use,,
Track Your Progress,Tu Experiencia,Semana 6,Biweekly,"¿Te gustaría proporcionar comentarios sobre tu experiencia usando MindTrails Español (por ejemplo, formas en que el programa ha sido útil o formas en que podemos mejorar el programa)?",Entry,,,,,,,,,,,,,feedback,,
Track Your Progress,Tu Experiencia,Semana 6,Biweekly,"¿Tenemos tu permiso para utilizar todo o parte de los comentarios que proporcionaste como un testimonio de participante desidentificado (por ejemplo, como parte del programa MindTrails Español, o en boletines u otros materiales promocionales)? Si es así, no se usaría tu nombre ni ninguna otra información identificativa.",Buttons,,,,,Si; No,,,,,,,,permission,,
Reasons for Ending,Razones para Terminar,All,ReasonsForEnding,Estamos interesados en mejorar MindTrails Español y nos gustaría saber por qué decidiste detener el programa. ¡Agradecemos tus comentarios!,,,,,,,,,,,,,,,,
Reasons for Ending,Razones para Terminar,All,ReasonsForEnding,"¿Por qué decidiste terminar el programa? Por favor, marca todas las opciones que correspondan.",Checkbox,,,,,"No tuve suficiente tiempo para completar el programa; No encontré el programa útil para reducir mi ansiedad; No encontré el programa interesante; No creí que un programa como este pudiera funcionar; Encontré frustrante usar el programa; Ya no necesitaba el programa (es decir, ya no me sentía ansioso); Otro; Prefiero no responder",,,,,,,,reasons_for_ending,,
Reasons for Ending,Razones para Terminar,All,ReasonsForEnding,En la medida en que completaste el programa:,,,,,,,,,,,,,,,,
Reasons for Ending,Razones para Terminar,All,ReasonsForEnding,¿Qué tan útil encontraste MindTrails Español para reducir tu ansiedad?,Buttons,,,,,Nada útil; Un poco útil; Algo útil; Mayormente útil; Muy útil; Prefiero no responder,,,,,,,,reduce_anxiety,,
Reasons for Ending,Razones para Terminar,All,ReasonsForEnding,¿Cuánto mantuvo tu interés y atención MindTrails Español?,Buttons,,,,,Nada; Un poco; Algo; Mayormente; Mucho; Prefiero no responder,,,,,,,,keep_interest,,
Reasons for Ending,Razones para Terminar,All,ReasonsForEnding,¿Cuánto pudiste relacionarte con las historias presentadas durante las sesiones de entrenamiento?,Buttons,,,,,Nada; Un poco; Algo; Mayormente; Mucho; Prefiero no responder,,,,,,,,relate_scenarios,,
Reasons for Ending,Razones para Terminar,All,ReasonsForEnding,¿Hasta qué punto los escenarios del entrenamiento reflejan situaciones que son importantes para ti?,Buttons,,,,,Nada; Un poco; Algo; Mayormente; Mucho; Prefiero no responder,,,,,,,,relate_scenarios,,
Reasons for Ending,Razones para Terminar,All,ReasonsForEnding,¿Hasta qué punto los escenarios del entrenamiento reflejan situaciones que son importantes para tu familia y comunidad?,Buttons,,,,,Nada; Un poco; Algo; Mayormente; Mucho; Prefiero no responder,,,,,,,,relate_scenarios,,
Reasons for Ending,Razones para Terminar,All,ReasonsForEnding,¿Qué tan creíbles encontraste los finales de las historias en términos de que esos resultados ocurran en tu vida?,Buttons,,,,,Nada; Un poco; Algo; Mayormente; Mucho; Prefiero no responder,,,,,,,,believable_scenarios,,
Reasons for Ending,Razones para Terminar,All,ReasonsForEnding,¿Cuánto te gustó la apariencia de MindTrails Español?,Buttons,,,,,Nada; Un poco; Algo; Mayormente; Mucho; Prefiero no responder,,,,,,,,UI,,
Reasons for Ending,Razones para Terminar,All,ReasonsForEnding,¿Qué tan fácil fue usar MindTrails Español?,Buttons,,,,,Nada; Un poco; Algo; Mayormente; Mucho; Prefiero no responder,,,,,,,,easy_to_use,,
Reasons for Ending,Razones para Terminar,All,ReasonsForEnding,Encontré que las sesiones de entrenamiento eran:,Buttons,,,,,Demasiado cortas; Algo cortas; La longitud adecuada; Algo largas; Demasiado largas; Prefiero no responder,,,,,,,,find_sessions,,
Reasons for Ending,Razones para Terminar,All,ReasonsForEnding,¿Qué útil encontraste la encuesta de noche que te permitía elegir cuándo completar el entrenamiento al día siguiente?,Buttons,,,,,Nada útil; Un poco útil; Algo útil; Mayormente útil; Muy útil; Prefiero no responder,,,,,,,,nightly_survey_use,,
Reasons for Ending,Razones para Terminar,All,ReasonsForEnding,¿Qué tan preocupado estuviste por tu privacidad al usar MindTrails Español?,Buttons,,,,,Nada; Un poco; Algo; Mayormente; Mucho; Prefiero no responder,,,,,,,,privacy,,
Reasons for Ending,Razones para Terminar,All,ReasonsForEnding,¿Qué tan cansadoras encontraste las sesiones de entrenamiento?,Buttons,,,,,Nada; Un poco; Algo; Mayormente; Mucho; Prefiero no responder,,,,,,,,tiring_training,,
Reasons for Ending,Razones para Terminar,All,ReasonsForEnding,¿Qué tan cansadores encontraste las evaluaciones?,Buttons,,,,,Nada; Un poco; Algo; Mayormente; Mucho; Prefiero no responder,,,,,,,,tiring_assessments,,
Reasons for Ending,Razones para Terminar,All,ReasonsForEnding,¿Qué tan útiles encontraste los recursos y referencias proporcionados en la aplicación?,Buttons,,,,,Nada; Un poco; Algo; Mayormente; Mucho; Prefiero no responder,,,,,,,,tips_use,,
Reasons for Ending,Razones para Terminar,All,ReasonsForEnding,¿Qué tan probable sería que recomiendes MindTrails Español a otras personas con dificultades similares de ansiedad?,Buttons,,,,,Nada; Un poco; Algo; Mayormente; Mucho; Prefiero no responder,,,,,,,,recommend,,
Reasons for Ending,Razones para Terminar,All,ReasonsForEnding,¿Qué tan probable es que recomiendes MindTrails a otras personas hispanohablantes que tienen problemas con la ansiedad? ,Buttons,,,,,Nada; Un poco; Algo; Mayormente; Mucho; Prefiero no responder,,,,,,,,recommend,,
Reasons for Ending,Razones para Terminar,All,ReasonsForEnding,¿Tienes síntomas de ansiedad o depresión de moderados a graves?,Buttons,,,,,Si::Si; No::No; No estoy seguro::No estoy seguro,,,,,,RFE_anxiety_depression,,anxiety_or_depression,,
Reasons for Ending,Razones para Terminar,All,ReasonsForEnding,"¿Qué tan abierto o interesado estás en buscar otras formas de tratamiento de un profesional de salud mental (por ejemplo, terapia, medicación) en comparación con antes de comenzar el programa?",Buttons,,,,,"Mucho más probable; Un poco más probable; Igualmente probable; Un poco menos probable; Mucho menos probable; No aplica (por ejemplo, actualmente estoy recibiendo otro tipo de tratamiento); Prefiero no responder",,,,,,,RFE_anxiety_depression; Yes,interest_in_therapy,,
Reasons for Ending,Razones para Terminar,All,ReasonsForEnding,"¿Qué tan abierto o interesado estás en buscar otras formas de tratamiento de un profesional de salud mental (por ejemplo, terapia, medicación) en comparación con antes de comenzar el programa?",Buttons,,,,,"Mucho más probable; Un poco más probable; Igualmente probable; Un poco menos probable; Mucho menos probable; No aplica (por ejemplo, actualmente estoy recibiendo otro tipo de tratamiento); Prefiero no responder",,,,,,,RFE_anxiety_depression; Unsure,interest_in_therapy,,
Reasons for Ending,Razones para Terminar,All,ReasonsForEnding,¿Qué tan útiles encontraste los recursos y referencias proporcionados en la aplicación?,Buttons,,,,,Nada; Un poco; Algo; Mayormente; Mucho; Prefiero no responder,,,,,,,,resources_use,,
Reasons for Ending,Razones para Terminar,All,ReasonsForEnding,"Algunas personas tienen problemas al intentar usar una aplicación móvil. Por favor, lee las siguientes afirmaciones y dinos qué tan problemático fue para ti usar la aplicación.",,,,,,,,,,,,,,,,
Reasons for Ending,Razones para Terminar,All,ReasonsForEnding,"Los problemas técnicos con la aplicación móvil (por ejemplo, la aplicación se bloqueaba o se congelaba) dificultaron su uso.",Buttons,,,,,Nada; Un poco; Algo; Mayormente; Mucho; Prefiero no responder,,,,,,,,tech_problems,,
Reasons for Ending,Razones para Terminar,All,ReasonsForEnding,Simplemente olvidé abrir la aplicación.,Buttons,,,,,Nada; Un poco; Algo; Mayormente; Mucho; Prefiero no responder,,,,,,,,forgot,,
Reasons for Ending,Razones para Terminar,All,ReasonsForEnding,Asuntos personales me impidieron usar la aplicación.,Buttons,,,,,Nada; Un poco; Algo; Mayormente; Mucho; Prefiero no responder,,,,,,,,personal_issues,,
Reasons for Ending,Razones para Terminar,All,ReasonsForEnding,La aplicación era demasiado difícil de navegar.,Buttons,,,,,Nada; Un poco; Algo; Mayormente; Mucho; Prefiero no responder,,,,,,,,navigate,,
Reasons for Ending,Razones para Terminar,All,ReasonsForEnding,La aplicación era demasiado difícil de entender.,Buttons,,,,,Nada; Un poco; Algo; Mayormente; Mucho; Prefiero no responder,,,,,,,,hard_to_understand,,
Reasons for Ending,Razones para Terminar,All,ReasonsForEnding,La aplicación no parecía ser muy útil.,Buttons,,,,,Nada; Un poco; Algo; Mayormente; Mucho; Prefiero no responder,,,,,,,,not_useful,,
Reasons for Ending,Razones para Terminar,All,ReasonsForEnding,Pensé que el programa iba a llevar demasiado tiempo.,Buttons,,,,,Nada; Un poco; Algo; Mayormente; Mucho; Prefiero no responder,,,,,,,,too_long,,
Reasons for Ending,Razones para Terminar,All,ReasonsForEnding,La aplicación tenía demasiadas palabras.,Buttons,,,,,Nada; Un poco; Algo; Mayormente; Mucho; Prefiero no responder,,,,,,,,too_many_words,,
Reasons for Ending,Razones para Terminar,All,ReasonsForEnding,"La pantalla era difícil de leer (por ejemplo, las palabras eran demasiado pequeñas).",Buttons,,,,,Nada; Un poco; Algo; Mayormente; Mucho; Prefiero no responder,,,,,,,,difficult_to_read,,
Reasons for Ending,Razones para Terminar,All,ReasonsForEnding,"Durante este programa, ¿cambiaste alguna dosis de medicamento, terapia u otra intervención para ayudar a tu salud mental? Marca todas las que correspondan.",Checkbox,,,,,Ahora busco terapia en persona más seguido; Ahora busco terapia en persona menos seguido; Ahora uso más medicación recetada; Ahora uso menos medicación recetada; Ahora uso más programas de computadora en línea o aplicaciones móviles (que no sean MindTrails Español); Ahora uso menos programas de computadora en línea o aplicaciones móviles (que no sean MindTrails Español); Otro; No cambié mis hábitos de intervención; Prefiero no responder,,,,,,,,change_mental_health,,