Broad Domain 1,Broad Domain 2,Broad Domain 3,Hoos TC Title,Spanish scenario body,Old Photo Link,New Photo Link,Spanish  positive/adaptive THOUGHT,Spanish  positive/adaptive THOUGHT,Spanish  negative/maladaptive THOUGHT,Spanish  tolerating negative or resilience THOUGHT,Spanish  tolerating negative or resilience THOUGHT,Spanish  positive/adaptive FEELING,Spanish  positive/adaptive FEELING,Spanish  negative/maladaptive FEELING,Spanish  tolerating negative or resilience FEELING,Spanish  tolerating negative or resilience FEELING,Spanish  positive/adaptive BEHAVIOR,Spanish  positive/adaptive BEHAVIOR,Spanish  negative/maladaptive BEHAVIOR,Spanish  tolerating negative or resilience BEHAVIOR,Spanish  tolerating negative or resilience BEHAVIOR
Académicos/Trabajo/Desarrollo Profesional,,,Tarea importante,Tienes una tarea en el trabajo que debes entregar la próxima semana y que tu jefe y muchos de tus colegas van a ver. No se siente completamente cómodo con el material y le preocupa cómo resultará la tarea.,https://drive.google.com/file/d/16a8hUnBv5xMFnwyNlAhcDziF8O2B0G_h/view?usp=sharing,https://raw.githubusercontent.com/TeachmanLab/MindtrailsMobile_Resources/main/HTC/protocols/Spanish/media/images/assignment.jpg,Esta tarea irá bien.,Puedo pedir ayuda en la tarea.,Mis colegas pensarán que soy tonto si no lo hago bien.,"No entiendo el material lo suficiente como para realizar una buena tarea, pero creo que aun así lograré transmitir mi punto principal. ","Mis colegas probablemente no piensen que mi trabajo es perfecto, pero pueden brindarme comentarios constructivos que me ayudarán a mejorar para la próxima vez.",Me siento emocionado de demostrar que estoy equivocado.,Me siento listo para continuar con la tarea.,Me preocupa hacer la tarea y fallar.,"Me siento estúpido por pedir ayuda, pero sé que me ayudará a producir un mejor trabajo.","Me sentiré decepcionado de mí mismo si no hago un buen trabajo, pero ese sentimiento pasará. ",Reservaré tiempo todos los días para trabajar en la tarea.,Les haré preguntas a mis amigos con experiencia en esta área si no entiendo algo.,Fingiré estar enfermo en la fecha prevista para no tener que hacer la tarea.,"No quiero contarle a mi familia lo difícil que es esta tarea, pero decido contárselo de todos modos. ","Quiero trabajar en la tarea en lugar de irme a dormir por la noche, pero me doy cuenta de que es importante descansar. "
Académicos/Trabajo/Desarrollo Profesional,Salud Mental,,Luchando con una presentación,"Durante la reunión de hoy, debes presentarte frente a tus colegas y a tu jefe. Ha estado luchando por armar esta presentación, pero aún no se ha comunicado con su jefe al respecto. ",https://drive.google.com/file/d/1FcB5CvXNaJdV8qJE0nz1NN6MVKPtk2zJ/view?usp=sharing,https://raw.githubusercontent.com/TeachmanLab/MindtrailsMobile_Resources/main/HTC/protocols/Spanish/media/images/presentation.jpg,Soy muy trabajadora y mi jefe podrá notarlo.,Mis colegas pensarán que me preparé bien para la presentación.,Mi trabajo estará en riesgo si estropeo esta presentación.,"No haré mi mejor esfuerzo hoy, pero a veces se me permite tener un día libre. ",Mi jefe pensará que mi presentación necesita mejoras y yo estaré de acuerdo con eso.,Me alegro de tener la conciencia de saber que necesito hablar pronto con mi jefe.,Me siento tranquilo sabiendo que hice lo mejor que pude sin importar lo que pase.,Me preocupa lo que dirá mi jefe sobre mi presentación.,"Me siento inseguro acerca de la calidad de mi presentación, pero nada de lo que haga será perfecto. ","Estoy incómodo en este momento, pero puedo respirar profundamente para sentirme más tranquilo. ",No me esconderé en mi oficina después de mi presentación.,Le preguntaré a mi jefe qué más puedo hacer para demostrar mis habilidades.,Me saltaré esta reunión mañana.,"Quiero evitar trabajar en la presentación, pero sé que progresar un poco me ayudará a sentirme realizado. ","Quiero preguntarles a mis colegas cómo piensan que lo hice, pero realmente no importa lo que piensen los demás.  "
Académicos/Trabajo/Desarrollo Profesional,Salud Mental,,Luchando con una presentación,"Durante la reunión de hoy, debes presentarte frente a tus colegas y a tu jefe. Ha estado luchando por armar esta presentación, pero aún no se ha comunicado con su jefe al respecto. ",https://drive.google.com/file/d/1FcB5CvXNaJdV8qJE0nz1NN6MVKPtk2zJ/view?usp=sharing,https://raw.githubusercontent.com/TeachmanLab/MindtrailsMobile_Resources/main/HTC/protocols/Spanish/media/images/presentation.jpg,Esta presentación será una buena oportunidad para practicar mis habilidades para hablar en público.,Mi jefe estará orgulloso de mí porque me estoy esforzando mucho.,Mis colegas se aburrirán y hablarán entre ellos durante mi presentación.,"Mi jefe se sentirá decepcionado por mis esfuerzos, pero aún puedo sentirme orgulloso del trabajo que realicé.  ","Puede que no haga lo mejor que pueda en esta presentación, pero la superaré. ",Me siento feliz de que la presentación termine pronto.,Me siento mejor sabiendo que mis compañeros están pasando por lo mismo que yo.,Tengo miedo de que mi progreso decepcione a mi jefe.,"Me da vergüenza pedirle ayuda a mi jefe, pero admiro mi confianza al exponerme. ","Me siento mal porque tal vez no me vaya tan bien en esta presentación, pero es sólo una pequeña parte de toda mi carrera profesional. ",Hago un chiste al inicio de mi presentación para romper el hielo.,Practico mi presentación.,Inventaré una excusa de por qué no me preparé lo suficiente para la presentación.,"Puede que me sienta molesto y quiera abandonar la reunión, pero respiro unas cuantas veces para calmarme. ","Quiero abandonar esta tarea, pero decido seguir intentándolo."
Situaciones Sociales,Académicos/Trabajo/Desarrollo Profesional,,Rompiendo el código de honor,"Estás trabajando en un informe con algunos colegas y necesitas informar algunas estadísticas. Un colega sugiere que cambie las estadísticas para que su informe se vea mejor, pero eso sería mentir.",https://drive.google.com/file/d/1wsTsWXkjfok0Sn3yNthn2D51nUUgPfAo/view?usp=sharing,https://raw.githubusercontent.com/TeachmanLab/MindtrailsMobile_Resources/main/HTC/protocols/Spanish/media/images/report_1.jpg,Quiero escribir este informe sin mentir.,La gente pensará que el informe es bueno.,Mis colegas se reirán de mí por decir que no quiero incluir números falsos.,"Mis colegas deciden cambiar las estadísticas, pero sé que puedo acudir a mi supervisor si me preocupa.","Mis colegas no querrán trabajar conmigo en otro informe, pero estoy orgulloso de mí mismo por hacer lo correcto. ",Me sentiré aliviado cuando este informe esté terminado.,Soy más feliz escribiendo este informe con mis colegas que cuando estoy solo.,Estoy un poco frustrado porque mi colega dijo que deberíamos inventar nuevas estadísticas.,"Me preocupa que mis compañeros se burlen de mí, pero si lo hacen, puedo soportarlo. ","Me preocupa mi desempeño en el informe, pero sé que estoy haciendo lo mejor que puedo. ",Decido que no inventaré las estadísticas.,Animo a mis colegas a que intenten trabajar un poco más en este informe.,Me meto con las estadísticas para sentirme tranquilo frente a mis compañeros.,"Quiero gritarles a mis compañeros por esta idea, pero decido decirles amablemente lo que pienso. ","Siento que quiero cambiar los números del informe, pero sé que realmente valoro ser honesto y no hacerlo. "
Académicos/Trabajo/Desarrollo Profesional,Situaciones Sociales,,Rompiendo el código de honor,"Estás trabajando en un informe con algunos colegas y necesitas informar algunas estadísticas. Un colega sugiere que cambie las estadísticas para que su informe se vea mejor, pero eso sería mentir.",https://drive.google.com/file/d/1uBmAkSPywjnsMSQJjho0yc00NRrf7zBz/view?usp=sharing,https://raw.githubusercontent.com/TeachmanLab/MindtrailsMobile_Resources/main/HTC/protocols/Spanish/media/images/researching.jpg,Nuestros hallazgos son interesantes y valiosos por sí solos.,"Creo que es importante compartir esta información, incluso si los resultados son inesperados.",Daré una mala impresión delante de mi supervisor si no cambio los números.,"Puede que no haga la mejor presentación, pero lo único que puedo hacer es hacer lo mejor que pueda.","Puede que mi supervisor esté decepcionado con nuestros resultados, pero puedo manejarlo. ",Me sentiré más orgulloso de nuestro trabajo si no cambio nuestros resultados.,Tendré más confianza trabajando en proyectos en el futuro sabiendo que puedo interpretar datos reales de manera efectiva.,Estoy molesto porque mis compañeros de trabajo quieren que tome el camino más fácil.,"Me pone nervioso estar en desacuerdo con mis compañeros de trabajo, pero sé que es lo correcto","Me da vergüenza decirles a mis compañeros de trabajo que esto está mal, pero incluso si me juzgan, estaré bien. ",Sugiero armar la presentación sin cambiar los resultados.,Me entusiasma encontrar formas de presentar nuestros hallazgos de forma clara y eficaz.,Cambio nuestros resultados porque no tengo confianza en nuestro trabajo.,"Quiero cambiar nuestros resultados para terminar la presentación más rápido, pero sigo intentando trabajar con lo que tenemos. ","Estoy tentado a cambiar nuestros resultados, pero decido no hacerlo. "
Situaciones Sociales,Académicos/Trabajo/Desarrollo Profesional,,Trabajar en grupos,"Tu jefe les dice a todos que mañana os dividiréis en pequeños grupos para planificar nuevos proyectos de trabajo. También dice que tendrás que elegir tu grupo, pero te das cuenta de que no tienes amigos cercanos en tu lugar de trabajo.",https://drive.google.com/file/d/10fLWhto09ulpTOoQ_oICa06UK6vWzttW/view?usp=sharing,https://raw.githubusercontent.com/TeachmanLab/MindtrailsMobile_Resources/main/HTC/protocols/Spanish/media/images/presentation_2.jpg,Haré buenas contribuciones a la discusión del grupo.,La gente estará feliz de trabajar conmigo.,Todos elegirán su grupo antes de que yo llegue y no podré encontrar un grupo.,"Terminaré en un grupo de alguna manera y estará bien, incluso si no es mi primera opción.","Podría hacer un comentario que el grupo considere tonto, pero probablemente olvidarán lo que dije después de la discusión. ",Estoy emocionado de trabajar con gente nueva.,Tengo curiosidad por saber si haré nuevos amigos.,Me preocupa no entrar en un buen grupo.,"En este momento estoy ansioso por no saber quién estará en mi grupo, pero probablemente esto no parezca tan importante mañana.","Me pone nervioso hablar de nuevos proyectos con mis compañeros de trabajo, pero los nervios no me impiden hablar. ",Me aseguraré de saber qué proyectos me interesa planificar antes de la reunión de mañana.,"Durante la discusión, haré todo lo posible para incluir a todos en nuestra conversación grupal. ",Fingiré estar enfermo y simplemente no iré a la discusión.,"Querré saltearlo, pero iré de todos modos y afrontaré la sensación de ansiedad. ","Les pediré a otros que estén en su grupo, incluso si realmente no quiero. "
Situaciones Sociales,Académicos/Trabajo/Desarrollo Profesional,,Trabajar en grupos,"Tu jefe les dice a todos que mañana os dividiréis en pequeños grupos para planificar nuevos proyectos de trabajo. También dicen que tendrás que elegir tu grupo, pero te das cuenta de que no tienes amigos cercanos en tu lugar de trabajo.",https://drive.google.com/file/d/10fLWhto09ulpTOoQ_oICa06UK6vWzttW/view?usp=sharing,https://raw.githubusercontent.com/TeachmanLab/MindtrailsMobile_Resources/main/HTC/protocols/Spanish/media/images/presentation_2.jpg,Encontraré el grupo adecuado para mí.,Hay mucha gente agradable en mi lugar de trabajo.,Nadie querrá estar en mi grupo.,"Todos decidirán que quieren estar con personas que ya conocen, pero lo entiendo. ","Puede que la gente no esté de acuerdo con mis ideas, pero creo que aun así tendremos una discusión interesante. ",Me siento impulsado a hacer mi mejor trabajo.,Estoy emocionado de hacer nuevos amigos.,Estoy nervioso porque no tengo buenas ideas.,"Me entristece que nadie me conozca tan bien, pero me siento mejor pensando que les agradaré una vez que me conozcan mejor. ","Tengo miedo de que mi grupo me excluya, pero sepan que esta discusión sólo durará unos minutos. ",Hablaré con la gente de mi lugar de trabajo y pediré estar en un grupo.,Expresaré lo emocionado que estoy de conocer a todos.,Iré al baño para no tener que pedirle a nadie que esté en su grupo.,"Quiero trabajar solo, pero pruébalo en grupo. ","Quiero quedarme callado, pero decido contribuir. "
Situaciones Sociales,,,Café derramado,Tú y tus amigos se reúnen para tomar un café. Vas a la cafetería a tomar café y accidentalmente lo derramas en la parte delantera de tu nueva camisa blanca.,https://drive.google.com/file/d/1ijt0ecisBDCbnP9iQ5cHp7WQlGPwmTpO/view?usp=sharing,https://raw.githubusercontent.com/TeachmanLab/MindtrailsMobile_Resources/main/HTC/protocols/Spanish/media/images/coffee.jpg,Probablemente esto le haya pasado a mucha gente.,Mis amigos se divertirán con esto.,Pareceré torpe delante de mis amigos.,"Mis amigos se sienten avergonzados de mí, pero no lo recordarán por mucho tiempo.  ","Arruiné la camiseta, pero ahora tengo una razón para comprarme una nueva.",Me siento afortunada de no haber tirado todo el café.,Estoy seguro de que quitaré la mancha.,Me siento como un tonto.,"Estoy enojado porque desperdicié mi dinero, pero sepan que estaré bien. ","Me da vergüenza tener esta mancha en mi camisa blanca, pero nadie resultó herido y no es gran cosa. ",Me río con mis amigos por mi derrame.,Limpio y sigo hablando con mis amigos.,Me quedo en silencio el resto del tiempo que estamos en el café.,"Quiero ir a casa, pero quedarme en el café. ","Tengo ganas de llorar, pero respiro hondo. "
Situaciones Sociales,Vida Familiar y Doméstica,,Vidrio roto,"Estás en un restaurante tranquilo con muchos miembros de tu familia para cenar. Mientras tomas un trago de agua, accidentalmente dejas caer el vaso al suelo y se rompe.",https://drive.google.com/file/d/1huKsrt0vscJdYRLnIRD8v8_YgIjZl1Tm/view?usp=sharing,https://raw.githubusercontent.com/TeachmanLab/MindtrailsMobile_Resources/main/HTC/protocols/Spanish/media/images/brokenglass.jpg,Estoy seguro de que esta no es la primera vez que este restaurante tiene que lidiar con un vaso roto.,Pienso en cómo ayudaré a limpiar esto.,Soy una persona tan descuidada.,"Mi ropa está empapada, pero puedo ir al baño y secarla. ","El camarero está molesto, pero probablemente superará ese sentimiento pronto. ",Estoy seguro de que la camarera aceptará mis disculpas.,Estoy feliz de estar comiendo con mi familia.,Me da vergüenza haber llamado la atención sobre mí.," Siento que arruiné la velada, pero todos se olvidarán de los cristales rotos. ","Me siento culpable por haber roto un vaso, pero sé que no lo hice a propósito. ",Le pregunto si puedo ayudar a limpiar.,Pido disculpas a los camareros y les agradezco su ayuda.,"Cuando llega el camarero, culpo del derrame a otro miembro de la familia. ","Quiero llorar, pero respiro hondo y recuerdo que esto sucede. ","Quiero salir del restaurante, pero quedarme y pasar un buen rato. "
Situaciones Sociales,Vida Familiar y Doméstica,,Vidrio roto,"Estás en un restaurante tranquilo con muchos miembros de tu familia para cenar. Mientras tomas un trago de agua, accidentalmente dejas caer el vaso al suelo y se rompe.",https://drive.google.com/file/d/1huKsrt0vscJdYRLnIRD8v8_YgIjZl1Tm/view?usp=sharing,https://raw.githubusercontent.com/TeachmanLab/MindtrailsMobile_Resources/main/HTC/protocols/Spanish/media/images/brokenglass.jpg,Pienso en cómo todo el mundo a veces tiene momentos de torpeza.,La gente de mi familia ha dejado cosas en restaurantes en el pasado.,Mi familia debe estar avergonzada de mí.,"El camarero se irritará, pero me disculparé y me ofreceré a ayudar a limpiar.","Puede que mi familia esté molesta, pero puedo esperar hasta que sigan adelante. ",Puedo mantener la calma.,Me alegra que al camarero no parezca importarle mucho.,Tengo un nudo en el estómago después de que todo el restaurante me mirara.,"Me da vergüenza haber dejado caer el vaso, pero sé que a la gente se le caen cosas todo el tiempo. ","Me siento mal, pero recuerdo que me olvidaré de esto en unos días. ",Ofrezco dejar dinero extra para la propina.,Me ofrezco a hacer más turnos en mi trabajo y volver otro día con dinero para reemplazar el vidrio.,Lloro porque me siento fatal.,"No quiero volver nunca al restaurante, pero si mi familia quiere volver a comer aquí, estará bien.","Quiero llorar, pero decido que eso no sería de ayuda. "
Situaciones Sociales,,,Fiesta de Halloween,"Estás invitado a una fiesta de Halloween con tus compañeros de trabajo y allí solo estás cerca de un par de personas. Decides usar un disfraz. Cuando llegas, todos te miran. ",https://drive.google.com/file/d/1unPUQT6-D57bq5HZZFw0EFQbctkV94eC/view?usp=sharing,https://raw.githubusercontent.com/TeachmanLab/MindtrailsMobile_Resources/main/HTC/protocols/Spanish/media/images/halloween_1.jpg,Este es el mejor disfraz que he usado.,Estoy disfrutando usando esto.,Las otras personas me están juzgando por usar este disfraz.,"Realmente destaco, pero me gusta mi apariencia. ","Creo que cometí un gran error al usar esto, pero me doy cuenta de que está bien usar lo que quiero. ",Estoy emocionado de mostrar este disfraz.,Estoy orgulloso de mí mismo por usar algo que amo.,Me siento realmente incómodo mientras todos me miran fijamente.,"Estoy muy ansioso, pero este sentimiento pasará. ","Me preocupa que los demás se burlen de mí, pero si lo hacen, es su culpa por juzgarme. ",Me acerco a algunos amigos y comienzo una conversación.,Publicaré una foto mía con este disfraz porque me veo genial.,Dejaré la fiesta inmediatamente.,"Quiero cambiarme y ponerme otra cosa, pero decido usar lo que entré. ","Quiero tirar este disfraz y no volver a pensar en esta noche, pero luego recuerdo que mi amigo me felicitó antes por ello. "
Situaciones Sociales,,,Fiesta de Halloween,"Estás invitado a una fiesta de Halloween con tus compañeros de trabajo y allí solo estás cerca de un par de personas. Decides usar un disfraz. Cuando llegas, todos te miran. ",https://drive.google.com/file/d/1unPUQT6-D57bq5HZZFw0EFQbctkV94eC/view?usp=sharing,https://raw.githubusercontent.com/TeachmanLab/MindtrailsMobile_Resources/main/HTC/protocols/Spanish/media/images/halloween_1.jpg,Creo que este disfraz es divertido.,A todos les encantará este disfraz.,A nadie le gusta mi disfraz.,"Puede que haya usado algo demasiado loco, pero me gusta. ","Tal vez debería haberlo suavizado, pero sé que esto es cierto para mí. ",Me siento feliz usando lo que amo.,Me siento tan liberada usando algo tan divertido.,Me preocupa que otros se burlen de mí a mis espaldas.,"Me da mucha vergüenza destacar tanto, pero honestamente la gente lo olvidará en unos minutos. ","Me preocupa lo que piensen los demás, pero me doy cuenta de que puedo usar lo que me hace feliz.",Sonreiré y usaré mi atuendo con orgullo.,Empezaré a bailar porque hay buena música.,Quiero ir al baño y tratar de bajar el tono de lo que llevo puesto.,"Quiero empezar a llorar, pero luego recordarme que hice un gran trabajo con este disfraz. ","Quiero preguntarle a alguien si mi disfraz es demasiado, pero decido no pedir opiniones. "
Situaciones Sociales,,,Usando el baño,"Estás en un restaurante con unos amigos y vas al baño. Cuando regresas a la mesa en la que están tus amigos, dejan de hablar y se queda en silencio. ",https://drive.google.com/file/d/12Y4uqZNuPSg8HgswTCK3obdaz50gCnDn/view?usp=sharing,https://raw.githubusercontent.com/TeachmanLab/MindtrailsMobile_Resources/main/HTC/protocols/Spanish/media/images/dinnerrest.jpg,Me veía bien en el espejo al salir del baño.,Mi cabello luce genial hoy.,Debo parecer tonto.,"Crees que es posible que te hayan oído yendo al baño, pero recuerda que no es gran cosa. ","Puede que mis amigos hayan estado hablando de mí, pero eso no significa que estuvieran diciendo algo malo. ",Estoy muy feliz de pasar este tiempo con este grupo.,Estoy emocionado de escuchar de qué estaban hablando.,Me siento atacado porque todos me miran.,"Me preocupa que estuvieran hablando de mí, pero sé que lo más probable es que no. ","Estoy ansioso por lo que estaban diciendo, pero me doy cuenta de que probablemente están callados porque los asusté. ",Haré una broma con mis amigos.,Preguntaré de qué estaban hablando de una manera agradable.,Les preguntaré a la defensiva por qué están tan callados.,"Quiero volver al baño para siempre, pero sé que hablar con mis amigos me hará sentir mejor con toda la situación. ","Quiero irme de inmediato, pero volveré con mis amigos y me concentraré en disfrutar las partes buenas de la cena. "
Situaciones Sociales,,,Usando el baño,"Estás en un restaurante con unos amigos y vas al baño. Cuando regresas a la mesa en la que están tus amigos, dejan de hablar y se queda en silencio. ",https://drive.google.com/file/d/12Y4uqZNuPSg8HgswTCK3obdaz50gCnDn/view?usp=sharing,https://raw.githubusercontent.com/TeachmanLab/MindtrailsMobile_Resources/main/HTC/protocols/Spanish/media/images/dinnerrest.jpg,No esperaban que volviera tan pronto.,Todos deben estar notando mi nuevo atuendo.,Todo el mundo está chismeando sobre mí.,"Puede que tenga algo en mi ropa, pero puedo volver al baño y limpiarlo.","Puede que se lo hayan pasado bien sin mí, pero eso no significa que no disfruten ser mis amigos. ",Estoy agradecido por los amigos que tengo.,Estoy interesado en unirme a la conversación.,Me siento a la defensiva.,"Me preocupa que puedan oírme en el baño, pero recuerda que todos usan el baño, así que no es gran cosa.","Me siento incómodo estando cerca de ellos, pero sé que son mis amigos cercanos y empiezo a calmarme. ",Les sonreiré a todos.,Haré una broma para romper el hielo.,Les daré una mirada rara.,"Quiero regresar a casa temprano, pero decido quedarme tanto tiempo como los demás. ","Querré enviarles mensajes de texto a mi teléfono para evitar hablar con ellos, pero seguir interactuando con mis amigos. "
Salud Física,Académicos/Trabajo/Desarrollo Profesional,,Subiendo escaleras,"Te estás reuniendo con tu jefe. Para llegar a tiempo, simplemente subió dos tramos de escaleras rápidamente y sintió que su corazón latía muy rápidamente.",https://drive.google.com/file/d/1l0VcV571sh8CPMn2No5S-IgUUDRsgLq_/view?usp=sharing,https://raw.githubusercontent.com/TeachmanLab/MindtrailsMobile_Resources/main/HTC/protocols/Spanish/media/images/stairs_1.jpg,Estoy emocionado por la reunión.,Subí esas escaleras muy rápido.,¿Estoy sufriendo un infarto?,"Da miedo sentir mi corazón latiendo rápido, pero sé que todo terminará pronto. ",Mi jefe podría notar lo sin aliento que estoy y está bien si lo hace.,Estoy feliz de haber llegado a tiempo a la reunión.,Me siento emocionado ahora que mi sangre está bombeando.,Me preocupa que haya algo realmente mal en mí.,"Me da vergüenza quedarme sin aliento, pero puedo concentrarme en lo que mi jefe tiene que decir. ","Me preocupa que algo esté mal conmigo, pero me recuerdo a mí mismo que es normal sentirme sin aliento después de subir un montón de escaleras. ",Respiro profundamente unas cuantas veces.,Tomo unos sorbos de mi botella de agua.,Empiezo a buscar síntomas de un ataque cardíaco en línea para ver si me estoy muriendo.,"Siento la necesidad de decirle a mi jefe que algo anda realmente mal conmigo, pero recordarme a mí mismo que en realidad estoy bien. ","Quiero entrar en pánico, pero recuerdo que en realidad es solo la reacción de mi cuerpo al subir las escaleras rápidamente. "
Situaciones Sociales,Salud Física,,Dando una presentación,"Tienes que hacer una presentación en una reunión hoy. Cuando te paras frente al grupo, sientes que tus mejillas se calientan y tus manos empiezan a temblar.",https://drive.google.com/file/d/1_2rE9XRzKQTqhk0TQjBqftLX-RvYtkqL/view?usp=sharing,https://raw.githubusercontent.com/TeachmanLab/MindtrailsMobile_Resources/main/HTC/protocols/Spanish/media/images/presentation.png,Es normal sentir un poco de calor cuando estás ansioso por hacer una presentación.,He hecho todo lo que he podido para prepararme para esta presentación.,Todos verán que me tiemblan las manos.,"Quiero volver a sentarme, pero decido seguir adelante con la presentación sabiendo que mi arduo trabajo dará sus frutos. ","Quiero cubrirme la cara, pero sé que puedo hacerlo aunque sea incómodo.",Me alivia conocer bien este tema.,Estoy contento con lo mucho que me he preparado para esta presentación.,Me preocupa que me vaya a desmayar.,"Me pone nervioso que la gente pueda ver que me tiemblan las manos, pero probablemente no lo noten tanto como a mí.","Tengo miedo de que sentir calor en las mejillas signifique que me voy a desmayar, pero respiraré profundamente unas cuantas veces y esta sensación pasará. ",Sonrío y comienzo mi presentación.,Hablo con voz fuerte.,Le pregunto a mi jefe si puedo presentarme otro día.,"Quiero ir al baño y mojarme la cara con agua, pero decido volver a concentrarme en mi entorno para relajarme y poder. ","Considero fingir que estoy enfermo para no tener que presentar, pero me reto a mí mismo a hacer la presentación de todos modos. "
Salud Física,,,Nuevo mercado,Estás en una nueva tienda de comestibles y buscas pan. De repente notas que tu corazón late rápidamente y con fuerza.,https://drive.google.com/file/d/1ZAftU_pXDRMyfkE86fy5U3rPg0tTi1hz/view?usp=sharing,https://raw.githubusercontent.com/TeachmanLab/MindtrailsMobile_Resources/main/HTC/protocols/Spanish/media/images/grocerystore2.jpg,Es sorprendente la cantidad de opciones de comida diferentes que hay en esta tienda de comestibles.,Mi corazón debe estar latiendo más rápido porque camino muy rápido por los pasillos.,¡Me va a dar un infarto!,"Incluso si esta sensación en mi pecho es realmente incómoda, sé que desaparecerá pronto. ","Me pregunto si hay algún problema con mi corazón, pero puedo obtener ayuda y resolver el problema si es necesario. ",Estoy emocionado de estar en una nueva tienda.,Soy feliz buscando mis comidas favoritas en un lugar nuevo.,Tengo miedo de que mi corazón se acelere porque algo anda realmente mal.,"Estoy preocupado por mi corazón, pero luego me recuerdo a mí mismo que todo estará bien. ","Estoy nervioso por mi salud, pero me doy cuenta de que mi corazón probablemente late porque estoy emocionado de estar en un lugar nuevo. ",Le pregunto a un empleado dónde está el pan.,Noto la sensación en mi pecho y sigo buscando el pan.,Me quedo inmóvil y empiezo a entrar en pánico.,Empiezo a irme pero me doy la vuelta y me digo a mí mismo que puedo manejarlo.,"Me siento incómodo, pero respiro lentamente unas cuantas veces y sigo comprando."
Salud Física,,,Nuevo mercado,Estás en una nueva tienda de comestibles y buscas pan. De repente notas que tu corazón late rápidamente y con fuerza.,https://drive.google.com/file/d/1ZAftU_pXDRMyfkE86fy5U3rPg0tTi1hz/view?usp=sharing,https://raw.githubusercontent.com/TeachmanLab/MindtrailsMobile_Resources/main/HTC/protocols/Spanish/media/images/grocerystore2.jpg,Me gusta el desafío de encontrar mis comidas favoritas en esta nueva tienda.,Probablemente siento que mi corazón late porque estoy emocionado de probar esta nueva tienda.,¡Debo estar teniendo un ataque de pánico!,"Los latidos de mi corazón me distraen, pero me concentraré en mi lista de compras para mantenerme firme. ","Me pregunto si estoy realmente enfermo, pero sé que este sentimiento no durará para siempre. ",Estoy feliz de haber decidido finalmente venir aquí.,Estoy emocionado de ver lo que tiene esta nueva tienda de comestibles.,"Tengo miedo de que mi corazón palpite, significa que algo malo está sucediendo. ","Tengo miedo de este sentimiento en mi pecho, pero pienso en todas las veces que mi corazón latió con fuerza y ​​terminé bien. ","Estoy nervioso por mi corazón, pero recuerda que a veces mi corazón late rápido cuando estoy emocionado. ",Le pido a un empleado que me ayude a encontrar el pan.,Sigo caminando por los pasillos.,Me llevo al hospital inmediatamente.,Considero salir de la tienda pero decido que puede calmarme para terminar esta tarea.,No me gusta esta sensación pero empiezo a buscar buenas ventas.
Salud Física,,,Reírse de un chiste,"Un amigo cuenta un chiste gracioso y te empiezas a reír mucho. Mientras te ríes, sientes una opresión incómoda en el pecho que nunca antes habías sentido.  ",https://drive.google.com/file/d/1K45MgxXqPYoGwF_Ck9c26oX8B4Q6Oafv/view?usp=sharing,https://raw.githubusercontent.com/TeachmanLab/MindtrailsMobile_Resources/main/HTC/protocols/Spanish/media/images/man.jpg,Debe haber sido una broma muy divertida.,Nunca me había reído tanto de un chiste que me había contado mi amigo.,Algo está mal conmigo.,"Esta tensión da un poco de miedo, pero ahora puedo disfrutar de la risa y ver si todavía me molesta más tarde. ","Realmente no me gusta este sentimiento, pero puedo tolerarlo. ",Estoy feliz de que mis amigos sean tan divertidos.,¡Estoy tan sorprendido por ese chiste!,Estoy aterrorizada por la opresión en mi pecho.,"Me preocupa la opresión en el pecho, pero creo que desaparecerá pronto. ","Estoy ansiosa por este sentimiento en mi pecho, pero sé que es solo por reírme mucho. ",Respiro hondo y le digo a mi amigo que fue una buena broma.,Tomo un sorbo de agua y continúo la conversación.,Salgo de la habitación para que la gente no me vea.,"Aunque es difícil, me digo a mí mismo que este sentimiento pasará. ","Quiero gritarle a mi amigo que se calle, pero respiro hondo y decido no hacerlo. "
Salud Física,,,Reírse de un chiste,"Un amigo cuenta un chiste gracioso y te empiezas a reír mucho. Mientras te ríes, sientes una opresión incómoda en el pecho que nunca antes habías sentido.  ",https://drive.google.com/file/d/1K45MgxXqPYoGwF_Ck9c26oX8B4Q6Oafv/view?usp=sharing,https://raw.githubusercontent.com/TeachmanLab/MindtrailsMobile_Resources/main/HTC/protocols/Spanish/media/images/man.jpg,Mi amigo es hilarante.,Ése es el chiste más divertido que he oído jamás.,¡No puedo recuperar el aliento!,"Esta tensión es realmente incómoda, pero sé que es por reírme mucho. ","Desearía que este sentimiento en mi pecho desapareciera, pero puedo soportarlo hasta que desaparezca. ",Me encanta cuando mis amigos me hacen reír.,Me siento muy conectado con mi amigo.,Tengo mucho miedo de lo que significa este sentimiento.,"Me pone nervioso saber por qué tengo opresión en el pecho, pero luego me recuerdo a mí mismo que esto es normal.","Me preocupa que este sentimiento signifique que algo anda mal en mí, pero sé que probablemente se deba a que me reí mucho. ",Respiro lentamente y sigo disfrutando de mi tiempo con amigos.,Le digo a mi amigo que es el mejor chiste que he oído jamás.,Inmediatamente empiezo a buscar en línea qué significa este sentimiento.,Me digo a mí mismo que este sentimiento de opresión no es nada serio.,"Quiero irme, pero recuerdo que esta tensión podría deberse a muchas razones, incluso simplemente por el entusiasmo de estar con mi amigo. "
Situaciones Sociales,Relaciones Románticas,,conocer a alguien nuevo,"En una fiesta de trabajo, tu amigo te presenta a un amigo suyo atractivo que no habías conocido antes. A la mañana siguiente, notas que te enviaron un correo electrónico.",https://drive.google.com/file/d/1azOE2eRIrdOPl9AdAR61tTkqUFdsq0zB/view?usp=sharing,https://raw.githubusercontent.com/TeachmanLab/MindtrailsMobile_Resources/main/HTC/protocols/Spanish/media/images/email_1.jpg,Creo que quieren conocerme.,Pensaron que era agradable hablar conmigo.,Probablemente querían enviar un correo electrónico a otra persona.,"Es posible que dejen de enviarme correos electrónicos después de que responda, pero probablemente estén muy ocupados.","Quizás quieran ser simplemente mis amigos, y eso me parece bien. ",Me siento halagado de que quisieran enviarme un correo electrónico.,Estoy emocionado de leer su respuesta.,Me siento inseguro de mantener una conversación con ellos.,"No estoy seguro de la razón por la que me enviaron un correo electrónico, pero me doy cuenta de que es solo porque querían hacerlo. ","Me preocupa lo que piensen de mí, pero sé que puedo lidiar con el no saberlo. ",Hago una broma en mi respuesta.,Hablo con mi amigo sobre lo emocionado que estoy.,Ignoro su correo electrónico porque estoy ansioso por responder.,"Quiero preguntarles por qué me enviaron un correo electrónico, pero decido simplemente ver cómo se desarrollan las cosas.","Me pone nervioso enviar la respuesta perfecta, pero decido ser yo mismo. "
Situaciones Sociales,,,Poco interes,Decide responder a todos a un correo electrónico de todo el departamento para compartir una idea. Han pasado algunas horas y nadie ha respondido a tu sugerencia todavía.,https://drive.google.com/file/d/1h6K5Zfme1ZXvFeEUrUxMpeqnVyoRZwcr/view?usp=sharing,https://raw.githubusercontent.com/TeachmanLab/MindtrailsMobile_Resources/main/HTC/protocols/Spanish/media/images/email_3.jpg,Todos deben estar muy ocupados.,Me gusta mucho la idea que compartí.,La gente probablemente piense que mi idea es estúpida.,"La gente puede no estar de acuerdo conmigo, pero eso me parece bien. ","Incluso si la gente no estuviera tan interesada en mi idea, todavía me alegro de haberla compartido.",Me siento muy orgulloso de mi idea.,Me siento feliz de probar cosas nuevas.,Me siento humillado.,"Me frustra que nadie haya respondido a mi correo electrónico, pero luego recuerdo que solo han pasado unas pocas horas.","Me siento decepcionado de que a mucha gente no le haya gustado mi idea, pero deben tener perspectivas diferentes a las mías. ",Tomo un descanso y vuelvo a mi correo electrónico más tarde.,No dejo que la falta de respuesta me deprima y sigo con mi día.,Le envío un correo electrónico a mi amigo por separado para preguntarle por qué cree que nadie ha respondido.,"Envío los demás correos electrónicos que necesito enviar, aunque me preocupa lo que la gente piensa de mí. ","Quiero fingir que mi idea fue sólo una broma, pero lucho contra el impulso."
Situaciones Sociales,,,Poco interes,Decide responder a todos a un correo electrónico de todo el departamento para compartir una idea. Han pasado algunas horas y nadie ha respondido a tu sugerencia todavía.,https://drive.google.com/file/d/1h6K5Zfme1ZXvFeEUrUxMpeqnVyoRZwcr/view?usp=sharing,https://raw.githubusercontent.com/TeachmanLab/MindtrailsMobile_Resources/main/HTC/protocols/Spanish/media/images/email_3.jpg,La gente aún no ha revisado su correo electrónico.,Estoy orgulloso de mi idea.,La gente ignoró la idea.,Puede que a mis colegas no les guste mi idea y puedo aceptarlo.,"Mi sugerencia no fue la mejor, pero no tengo que ser perfecto. ",Me siento valiente por compartir una idea con todo el departamento.,Estoy feliz de colaborar con mi departamento.,Me siento totalmente expuesto.,"Me avergüenza que a nadie le haya gustado mi idea, pero probablemente la olvidarán pronto. ","Me siento decepcionado por no haber recibido respuesta, pero probablemente la gente todavía esté pensando en ello. ","La próxima vez que mi departamento me envíe un correo electrónico sobre una idea, la compartiré.  ",Continúo mi trabajo sin centrarme en el correo electrónico.,Me detengo en la idea y me enfurruño.,"Me siento y compruebo si alguien ha respondido, pero decido salir y disfrutar el día. ","Quiero decirle a la gente que se olvide de mi idea, pero la dejo como está.  "
Salud Mental,Situaciones Sociales,,Marcado en una foto,"Tú y tus amigos tomaron algunas fotografías juntos. Al día siguiente, recibes una notificación de que te etiquetaron en una publicación en las redes sociales. No te gusta cómo te ves en la foto.",https://drive.google.com/file/d/1KskrjJ1I6dTgmaaRpMZPdIRFbz5zu4od/view?usp=sharing,https://raw.githubusercontent.com/TeachmanLab/MindtrailsMobile_Resources/main/HTC/protocols/Spanish/media/images/phonesocialmedia.jpg,A mis amigos les gusta salir conmigo.,Mis amigos tienen perfiles hermosos.,La gente va a juzgar cómo me veo.,"No creo que luzco bien en la foto, pero probablemente luzco mejor ante otras personas. ","Puede que a la gente no le guste la foto, pero me siento bien cuando mis amigos me aprecian. ",Soy feliz pensando en ese recuerdo.,Tengo confianza en mis amistades.,Me molesta que esta no sea una foto mía halagadora.,"Me siento enojado con mi amigo, pero sé que ellos no sabían lo que siento por la foto. ","Me siento inseguro acerca de cómo me veo en la foto, pero eso fue sólo un momento en el tiempo. ",Me gusta la publicación.,Comento en la foto lo bien que nos lo pasamos.,Llamo a mi amigo y le grito.,"Quiero que eliminen la foto, pero decido dejar que mi amigo siga así. ","Empiezo a borrar todas las fotos en las que no me veo bien, pero dejo de hacerlo porque conservar los recuerdos es más importante. "
Salud Mental,Situaciones Sociales,,Marcado en una foto,"Tú y tus amigos tomaron algunas fotografías juntos. Al día siguiente, recibes una notificación de que te etiquetaron en una publicación en las redes sociales. No te gusta cómo te ves en la foto.",https://drive.google.com/file/d/1KskrjJ1I6dTgmaaRpMZPdIRFbz5zu4od/view?usp=sharing,https://raw.githubusercontent.com/TeachmanLab/MindtrailsMobile_Resources/main/HTC/protocols/Spanish/media/images/phonesocialmedia.jpg,Es bueno que hayan publicado una foto de todos nosotros.,No creo que a nadie le importe cómo luzco.,Otras personas juzgarán cómo me veo en la foto.,"No creo que esta sea la mejor publicación, pero es solo una imagen y no es un reflejo de quién soy. ","Creo que mi amigo podría haber publicado una foto mejor, pero sé que en realidad no fue su intención publicar una mala mía. ",Me siento feliz porque es una foto grupal.,Estoy orgulloso del atuendo de la foto.,Me da vergüenza la cara que estoy poniendo en la foto.,"Me molesta que se haya publicado una foto mía tan mala, pero recuerdo que este no es el fin del mundo. ","Me da vergüenza que todos los demás luzcan mejor que yo, pero trato de alegrarme de que todos luzcan felices en la foto.",Publico una foto de hace unas semanas donde me gusta mucho cómo me veo.,Le digo a mi amigo que fue una buena idea publicar una foto de todos.,Dejo un comentario sobre lo que me da vergüenza.,"Quiero fingir que la imagen no existe, pero decido poner un comentario agradable en su lugar. ","Quiero preguntarles a mis amigos si creen que me veo bien, pero decido que me veo bien por mi cuenta."
Relaciones Románticas,Situaciones Sociales,,Ninguna respuesta,"Has estado enviando mensajes de texto a alguien que realmente te gusta y, por lo general, responde rápidamente. Notas que vieron tu mensaje hace un par de horas y no respondieron. ",https://drive.google.com/file/d/1NvTM1g3vx1Kut8y_4vvBJo79qKHzUztk/view?usp=sharing,https://raw.githubusercontent.com/TeachmanLab/MindtrailsMobile_Resources/main/HTC/protocols/Spanish/media/images/stressed_sm.jpg,Simplemente están ocupados.,Soy una buena persona con quien hablar.,No les debo agradar.,"Quizás piensen que soy aburrido, pero nadie es interesante todo el tiempo. ","Puede que no estén interesados ​​románticamente en mí, pero puedo pasar a otra persona.  ","Estoy feliz con quien soy, respondan o no. ",Me parece bien que no hayan respondido.,Me da vergüenza haberme expuesto.,"Me siento mal por no recibir una respuesta rápida, pero recuerda que no necesito intentar controlar la situación. ","Me preocupa no haber recibido respuesta, pero me doy cuenta de que no necesito recibir respuesta inmediatamente sobre lo que envié.",Sigo con mi día.,Llamo a un amigo y le pregunto sobre su día.,Envío un montón de mensajes seguidos para ver si responden.,"Quiero preguntarles qué piensan de mí, pero decido darle más tiempo. ","Quiero pasar el día concentrado en mi teléfono, pero en lugar de eso hago pasatiempos que disfruto. "
Relaciones Románticas,Situaciones Sociales,,Ninguna respuesta,"Has estado enviando mensajes de texto a alguien que realmente te gusta y, por lo general, responde rápidamente. Notas que vieron tu mensaje hace un par de horas y no respondieron. ",https://drive.google.com/file/d/1NvTM1g3vx1Kut8y_4vvBJo79qKHzUztk/view?usp=sharing,https://raw.githubusercontent.com/TeachmanLab/MindtrailsMobile_Resources/main/HTC/protocols/Spanish/media/images/stressed_sm.jpg,Deben tener mucho que hacer hoy.,Me llamarán cuando tengan tiempo.,Nunca me responderán.,"Tal vez los estoy molestando, pero es posible que también estén ocupados.","Si les gusta alguien más y no yo, no me gustará, pero dejaré de hacerlo. ",La anticipación de esperar una respuesta es emocionante.,Me siento feliz con mi capacidad para enviar mensajes divertidos.,Estoy molesto porque no respondieron de inmediato.,"Me preocupa que esto tenga algo que ver conmigo, pero me doy cuenta de que a esta persona le suceden muchas otras cosas en su vida. ","Me entristece que no hayan respondido rápidamente, pero sepan que no me sentiré triste para siempre. ",Me acerco a un amigo.,Empiezo a trabajar en otras cosas importantes que quiero hacer hoy.,Cancelo mis planes del día.,"Quiero eliminarlos de mi teléfono, pero decido darle algo de tiempo a la situación y calmarme. ","Quiero enviarle varios mensajes a esta persona, pero en lugar de eso llamar a un amigo. "
Finanzas,Situaciones Sociales,,el regalo de cumpleaños,Tu amigo va a celebrar una gran fiesta de cumpleaños y la mayoría de las personas de tu grupo de amigos estarán allí. Muchos de tus amigos son más ricos que tú y pueden permitirse el lujo de hacer regalos más caros.,https://drive.google.com/file/d/1FK97F0rS8LTIXbo5OdxVuIloeA1-jeHr/view?usp=sharing,https://raw.githubusercontent.com/TeachmanLab/MindtrailsMobile_Resources/main/HTC/protocols/Spanish/media/images/bdaypresents.jpg,Será bueno ver a muchos de mis amigos.,Mi amigo estará feliz de que pueda ir.,A mi amigo le dará vergüenza tenerme como amigo porque mi regalo no es tan bonito como el de los demás.,"Puede que mi amigo esté decepcionado con mi regalo, pero aun así me alegro de haber venido y haber demostrado que me importaba.","La gente puede juzgarme por mi don, pero sé que puse mucha atención y esfuerzo en encontrar algo especial. ",Me siento feliz de estar cerca de todos mis amigos.,Siento entusiasmo por compartir mi buena energía.,Me siento culpable por traer un regalo menos costoso.,"Me siento fatal, pero decido que la fiesta continuará.","Me revuelve el estómago pensando si a mi amigo le gustará su regalo, pero recuerdo que apreciarán mi consideración.",Me divierto bailando en la fiesta.,Les sonrío a todos mis amigos.,Intento escabullirme junto a mi amigo para que no me note cuando entro.,"Estoy tentado de irme antes de que abran los regalos, pero recuerdo que en realidad me estoy divirtiendo.","Quiero saltarme la fiesta para lidiar con mi ansiedad por el regalo, pero decido esforzarme para ir de todos modos."
Vida Familiar y Doméstica,,,familia molesta,Estás en casa de vacaciones y notas que tus hermanos están molestos entre ellos. Te dan una respuesta breve cuando intentas hablar con ellos.,https://drive.google.com/file/d/1SBNnoHm2DQ-ao5gfMeK2UcbNpRXoO47f/view?usp=sharing,https://raw.githubusercontent.com/TeachmanLab/MindtrailsMobile_Resources/main/HTC/protocols/Spanish/media/images/upset.jpg,Pienso que no tiene nada que ver conmigo.,Pienso en hacer algo bueno por ellos.,Me pregunto si hice algo mal.,"Creo que soy la razón por la que están peleando, pero recuerdo que están sucediendo muchas cosas que no tienen que ver conmigo. ","Me pregunto si estarán discutiendo por algo que hice, pero luego recuerdo que no es culpa mía si no se llevan bien.",Me alegro de poder salir de la situación.,Estoy seguro de que esto pasará bastante rápido.,Me enoja que siempre estén discutiendo.,"Me entristece que estén discutiendo mucho, pero sepan que son adultos y tienen que resolverlo ellos mismos.","Siento ansiedad al pensar que mis hermanos no se llevan bien, pero recuerdo que su relación no es mi responsabilidad.",Me alejo.,Voy a hacer mi trabajo.,Les grito que respondan mi pregunta.,"Quiero intervenir y arreglarlo por ellos, pero decido darles algo de espacio y dejar pasar mis sentimientos. ","Quiero marcharme furioso, pero alejarme con calma. "
Vida Familiar y Doméstica,,,familia molesta,Estás en casa de vacaciones y notas que tus hermanos están molestos entre ellos. Te dan una respuesta breve cuando intentas hablar con ellos.,https://drive.google.com/file/d/1SBNnoHm2DQ-ao5gfMeK2UcbNpRXoO47f/view?usp=sharing,https://raw.githubusercontent.com/TeachmanLab/MindtrailsMobile_Resources/main/HTC/protocols/Spanish/media/images/upset.jpg,Superarán esto en unos días.,Pienso en cómo estarán de mejor humor más tarde.,Inmediatamente me culpo por su pelea.,Pienso en lo que podría haber hecho para evitarlo y luego me recuerdo a mí mismo que no puedo controlarlo todo.,Pienso en cómo podrían seguir enojándose más y luego pienso en cómo se calmarán con el tiempo.,Me siento tranquilo aunque ellos estén un poco molestos.,Estoy seguro de que resolverán sus diferencias.,Estoy ansioso por la tensión entre ellos.,"Me siento culpable, pero me doy cuenta de que no hice nada malo.","Me entristece saber que mis hermanos discutieron, pero sé que el conflicto es parte de las relaciones saludables.",Salgo a caminar para tomar algo de espacio de la situación.,Llamo a mis amigos para ponerme al día.,Les digo que están siendo egoístas.,"Quiero obligarlos a resolverlo ahora mismo, pero sal a caminar y recuerda que pronto estarán bien. ","Quiero preguntarles si están discutiendo por mi culpa, pero decido que estoy bien sin saber los detalles. "
Situaciones Sociales,Académicos/Trabajo/Desarrollo Profesional,,amigo ruidoso,"Tu auto se averió y un amigo te va a dejar en una reunión. Cuando te dejan, hacen mucho ruido y todos los que están allí te miran. ",https://drive.google.com/file/d/17cJiD1zpyqK4nBNN7ya1mfE9DQlKxJQm/view?usp=sharing,https://raw.githubusercontent.com/TeachmanLab/MindtrailsMobile_Resources/main/HTC/protocols/Spanish/media/images/friend_dropoff.jpg,Tengo suerte de tener un amigo que me ayuda con el transporte.,Estoy deseando que llegue esta reunión.,La gente en la reunión me va a juzgar.,"Mi pensamiento inmediato es que la gente en la reunión se enojará conmigo, pero me recuerdo que no juzgo a las personas por lo que hacen sus amigos.","Interrumpimos a mucha gente al hacer tanto ruido, pero es probable que no lo recuerden ni piensen en ello después.",Estoy entusiasmado con esta reunión.,Estoy ansioso por llegar a la reunión y ver gente.,Estoy tan avergonzado por mi amigo.,"Instantáneamente me siento avergonzado de mi ruidoso amigo, pero recuerdo que no puedo controlar lo que hace. ","Estoy nervioso por lo que puedan decir las personas en la reunión, pero parecen muy amables y comprensivos. ",Camino hacia la sala de reuniones y empiezo a hablar con la gente.,Guardo mi teléfono para estar más dispuesto a hablar con la gente.,Voy al baño para evitar hablar con la gente.,"Quiero evitar a todos los que me rodean, pero recordarme a mí mismo que lo pasaré mejor si hablo con la gente.","Siento la necesidad de faltar a la reunión porque me da vergüenza, pero me quedo porque ir a esta reunión es importante. "
Situaciones Sociales,,,amigo ruidoso,"Tu auto se averió y un amigo te va a dejar en una reunión. Cuando te dejan, hacen mucho ruido y todos los que están allí te miran. ",https://drive.google.com/file/d/1jDatwDu8A0ycAjbu28oNvOiBJQLU-lnx/view?usp=sharing,https://raw.githubusercontent.com/TeachmanLab/MindtrailsMobile_Resources/main/HTC/protocols/Spanish/media/images/dropoff.jpg,Fue agradable no tener que tomar el autobús.,Pienso en lo que quiero hablar en la reunión de hoy.,Esta gente me juzgará porque mi amigo es molesto.,"Mucha gente notó el ruido que hicimos y tal vez se molestó, pero fue sólo por un momento y no fue gran cosa. ","Algunas personas probablemente piensen que mi amigo es grosero, pero no puedo controlar lo que hace ni cómo se siente la gente. ",Estoy lleno de energía porque esta reunión suele ser interesante.,Estoy feliz de tener amigos que están dispuestos a ayudarme.,Me avergüenza que mi amigo sea tan ruidoso.,"Estoy realmente avergonzado, pero recuerdo que puedo tolerar estos sentimientos y que pasarán rápidamente. ",Me siento enojado con mi amigo pero me recuerdo a mí mismo que me está haciendo un favor.,Empiezo a sacar mis notas para la reunión.,Le sonrío a mi amigo mientras salgo del auto.,Evito hacer contacto visual con la gente.,"Siento la necesidad de saltarme la reunión, pero me obligo a enfrentar mis miedos y entrar. ","Quiero seguir disculpándome con las personas en la reunión hasta estar seguro de que no están enojados, pero decido que una vez es suficiente. "
Vida Familiar y Doméstica,Situaciones Sociales,,Opiniones fuertes,"Los miembros de tu familia tienen opiniones firmes y tú no siempre estás de acuerdo con ellas. Una noche, invitas a un amigo a cenar. ",https://drive.google.com/file/d/1KeHog1u5MnwSfzyD9yBj4oIlp2YAyHwf/view?usp=sharing,https://raw.githubusercontent.com/TeachmanLab/MindtrailsMobile_Resources/main/HTC/protocols/Spanish/media/images/pizza.jpg,Aprecio tener puntos de vista diferentes a los de mi familia.,Mi amigo estará interesado en escuchar lo que mi familia tiene que decir.,Mi familia va a decir algo que me molesta.,"Si mi familia dice algo con lo que no estoy de acuerdo, mi amigo y yo siempre podemos hablar de ello más tarde. ","Si mi amigo no está de acuerdo con las perspectivas de los miembros de mi familia, igual querrá ser mi amigo.",Estoy tranquilo sentado a cenar con mi familia y mi amigo.,Estoy emocionado de ver una película con mi amigo después de comer.,Estoy ansioso por lo que puedan decir los miembros de mi familia.,"Me preocupa que mi familia diga algo que haga que no le agrade a mi amigo, pero tengo más confianza en la fuerza de nuestra amistad. ","Me avergüenza que mi familia tenga un punto de vista tan diferente al mío, pero recuerdo que todos tenemos creencias diferentes.",Me recuerdo a mí mismo que todos tienen opiniones diferentes.,Escucho a mi amigo mientras habla con los miembros de mi familia.,Me distraigo y dejo de prestar atención a lo que dice la gente.,"Quiero pensar en otra cosa mientras todos hablan, pero recordarme a mí mismo que puedo manejar mis sentimientos y volver a sintonizarme con la conversación.","Quiero cambiar de tema para que podamos hablar de algo menos serio, pero dejo de intentar controlar la conversación."
Situaciones Sociales,Vida Familiar y Doméstica,,Opiniones fuertes,"Tu pareja tiene opiniones firmes y no siempre estás de acuerdo con ellas. Una noche, invitas a un amigo a cenar y sientes una posible tensión. ",https://drive.google.com/file/d/1KeHog1u5MnwSfzyD9yBj4oIlp2YAyHwf/view?usp=sharing,https://raw.githubusercontent.com/TeachmanLab/MindtrailsMobile_Resources/main/HTC/protocols/Spanish/media/images/pizza.jpg,Podremos discutir cuidadosamente las diferentes opiniones.,Mi amigo será mi amigo sin importar lo que piense mi pareja.,Mi pareja dirá algo que hará que mi amigo me odie.,"Incluso si mi pareja dice algo que le molesta, mi amigo y yo podemos hablar de ello más tarde.","Si mi pareja dice cosas con las que no estoy de acuerdo, sigue siendo mi pareja y la amo. ",Estoy feliz de invitar a mi amigo a cenar.,Estoy tranquilo mientras nos sentamos y cenamos juntos.,Me preocupa que mi pareja diga algo vergonzoso.,"Tengo miedo de que mi pareja diga algo ofensivo, pero sé que lo que dice no es un reflejo de mí. ","Me preocupa que mi amigo me juzgue por lo que piensa mi pareja, pero aun así estoy feliz de que podamos reunirnos y hablar de ello. ",Sonrío mientras mi amigo y mi compañero hablan.,Practico escuchar atentamente con la mente abierta.,Le digo bruscamente a mi compañero y le digo que se calle.,"Empiezo a decirle a mi pareja que no diga nada vergonzoso delante de mi amigo, sino que respire hondo. ","Empiezo a enviar un mensaje de texto para cancelar la cena, pero me recuerdo a mí mismo que realmente quiero que mi amigo y mi pareja se conozcan."
Vida Familiar y Doméstica,Salud Mental,,araña perdida,"Cuando entras a la ducha, ves una enorme araña en la pared. Te das la vuelta por un segundo, miras hacia atrás y te das cuenta de que ya no está. ",https://drive.google.com/file/d/1EUMVkI6asoBt7l80JfW7XQ4KWT27fZDe/view?usp=sharing,https://raw.githubusercontent.com/TeachmanLab/MindtrailsMobile_Resources/main/HTC/protocols/Spanish/media/images/shower.jpg,Me alegro que se haya ido.,Creo que volvió a su casa.,¡Se me va a arrastrar encima!,"Pienso en cómo podría morderme, pero recuerdo que probablemente esté tratando de evitarme a mí y al agua.","Pienso que podría ser venenoso, pero me doy cuenta de que las posibilidades de que ocurra son escasas. ",Tengo curiosidad por saber adónde fue.,Estoy tranquilo mientras me meto en la ducha.,Tengo miedo de que la araña aparezca cuando menos lo espere.,"Estoy ansioso por meterme en la ducha, pero sé que puedo superar mi miedo. ","Me da asco, pero recuerdo que la araña probablemente no pueda hacerme daño. ",Decido abrir el agua.,Empiezo a tocar algo de música.,Grito y salgo corriendo.,"Quiero llamar a alguien para que me ayude a encontrar la araña, pero decido simplemente ducharme. ","Quiero rociar repelente de insectos en todas partes, pero decido continuar con mi rutina de ducha ya que el rociador podría hacer más daño que la araña."
Salud Mental,Vida Familiar y Doméstica,,Maquinas apagadas,"Tú y tu familia van a salir de la ciudad por unos días y tu pareja te pide que revises que todos los electrodomésticos de tu casa estén apagados antes de partir. Tenías que apresurarte a hacer las maletas, así que no pudiste comprobarlo todo. ",https://drive.google.com/file/d/1AaGI8KuAaJfPPgwkXSBsNDbxRKhSAluM/view?usp=sharing,https://raw.githubusercontent.com/TeachmanLab/MindtrailsMobile_Resources/main/HTC/protocols/Spanish/media/images/appliances.jpg,Pienso en todas las cosas divertidas que mi familia y yo haremos en nuestro viaje.,Pienso en cómo noté que todo estaba apagado durante la primera revisión.,Pienso en todas las cosas horribles que podrían pasar en la casa.,"Incluso si no estoy 100% seguro de que los electrodomésticos estén apagados, puedo vivir con eso. ","Aunque no pude comprobarlo completamente por segunda vez antes de que todos nos fuéramos, recuerdo que nunca antes había dejado los electrodomésticos encendidos al salir de casa. ",Estoy seguro de que todo estaba cerrado.,Me siento emocionado por el viaje.,Me preocupa que se haya dejado algún electrodoméstico encendido.,Tengo miedo de haberme perdido algo y luego me concentro suavemente en lo que está sucediendo en el auto.,"Me siento culpable por no volver a comprobarlo todo, pero me recuerdo a mí mismo que comprobarlo una vez fue suficiente.",Empiezo a planificar algunas actividades que podemos hacer en nuestro viaje.,Me concentro en mi conversación con mi familia.,Regreso a la casa para asegurarme de haber apagado todo.,"Quiero volver y comprobarlo, pero sé que eso empeorará mi ansiedad en el futuro.","Quiero llorar pensando en lo ansiosa que me siento, pero sé que este sentimiento no durará para siempre. "
Salud Mental,Vida Familiar y Doméstica,,Maquinas apagadas,"Tú y tu familia van a salir de la ciudad por unos días y tu pareja te pide que revises que todos los electrodomésticos de tu casa estén apagados antes de partir. Tenías que apresurarte a hacer las maletas, así que no pudiste comprobarlo todo. ",https://drive.google.com/file/d/1AaGI8KuAaJfPPgwkXSBsNDbxRKhSAluM/view?usp=sharing,https://raw.githubusercontent.com/TeachmanLab/MindtrailsMobile_Resources/main/HTC/protocols/Spanish/media/images/appliances.jpg,Pienso en que todo está bien.,Pienso en lo emocionado que estoy por nuestro viaje.,Pienso en que puede pasar algo malo porque no revisé bien los electrodomésticos.,"Me preocupa que tener pensamientos sobre cosas terribles que suceden haga que sea más probable que ocurran, pero me recuerdo a mí mismo que eso no es cierto.","Es posible que un electrodoméstico provoque un incendio, pero es bastante improbable. Incluso si sucediera, nuestra alarma contra incendios alertaría a los vecinos. ",Estoy satisfecho de haber revisado los electrodomésticos que pude al salir.,Me siento tranquilo ahora que estoy en el auto y saliendo de la ciudad con mi familia.,Tengo miedo de que nuestra casa se queme.,"Me siento miserable preocupándome por si todo está mal, pero recuerdo concentrarme en el presente y respirar profundamente.","Me preocupa que la casa se queme, pero sé que puedo tolerar este sentimiento y pasará. ",Hablo con mi familia sobre lo que vamos a hacer en nuestro viaje.,Recordaré que no tengo que revisar todos los electrodomésticos varias veces antes de irnos.,Me concentro en todo lo que podría salir mal porque no tuve tiempo de comprobarlo.,"Quiero preguntarle a mi pareja si cree que todos los electrodomésticos están apagados, pero decido hablar sobre las partes del viaje que espero con ansias.       ","Quiero enojarme por la situación, pero decido charlar con mi familia. "
Vida Familiar y Doméstica,,,Niñera,Estás cuidando al hijo de una amiga y miras televisión mientras ella duerme. Afuera está oscuro y de repente oyes ruidos contra la ventana.,https://drive.google.com/file/d/11Vs9sz9BDAkaj5QCxD927t-mz-VTFWXn/view?usp=sharing,https://raw.githubusercontent.com/TeachmanLab/MindtrailsMobile_Resources/main/HTC/protocols/Spanish/media/images/window.jpg,Creo que debe ser el viento.,Pienso en que hay muchos animales afuera en este momento.,Pienso en cómo alguien podría estar intentando entrar.,"Aunque mi cerebro automáticamente piensa en el peor de los casos, me recuerdo a mí mismo que probablemente estoy a salvo.","Me doy cuenta de que estoy asumiendo que va a pasar lo peor y recuerdo que, en realidad, todo estará bien. ",Estoy feliz de ayudar a mi amigo cuidando de su hijo.,Estoy cansada y tengo muchas ganas de irme a la cama.,Tengo miedo de no saber qué hizo ese ruido.,"Me siento aterrorizado, pero me doy cuenta de que mi cerebro está siendo muy imaginativo.","Me preocupa lo que hay afuera, pero recuerdo que probablemente fue el viento.",Saco un libro nuevo y empiezo a leer.,Preparo unas palomitas de maíz y enciendo la televisión.,Llamo al amigo para que vuelva a casa inmediatamente.,"Quiero salir de casa, pero decido quedarme. ","Quiero despertar al niño y preguntarle si escucha algo, pero en lugar de eso dejo pasar mi ansiedad. "
Vida Familiar y Doméstica,,,Niñera,Estás cuidando al hijo de una amiga y miras televisión mientras ella duerme. Afuera está oscuro y de repente oyes ruidos contra la ventana.,https://drive.google.com/file/d/11Vs9sz9BDAkaj5QCxD927t-mz-VTFWXn/view?usp=sharing,https://raw.githubusercontent.com/TeachmanLab/MindtrailsMobile_Resources/main/HTC/protocols/Spanish/media/images/window.jpg,Hay muchos ruidos por la noche.,"Por la noche es más tranquilo, por lo que es más fácil escuchar muchas cosas. ",Me pregunto si estoy en peligro.,"Mi cerebro inmediatamente piensa que hay algo peligroso afuera, pero me recuerdo a mí mismo que probablemente estoy a salvo. ","Me imagino algo tratando de atraparme, pero luego me digo que lo más probable es que haya sido el viento en la ventana. ",Estoy emocionado de ver a mi amigo y escuchar sobre su noche de fiesta.,Estoy feliz de que mi programa favorito esté en la televisión.,Me preocupa que algo esté mirando por la ventana.,"Tiene sentido que al principio tuviera miedo, pero recuérdeme que probablemente esté a salvo.","Mi corazón late un poco más rápido que antes de escuchar el ruido, pero sé que pronto volverá a la normalidad. ",Puse una película divertida.,Decido tocar algo de mi música favorita.,Llamo a mi pareja y empiezo a llorar.,"Siento la necesidad de esconderme, pero me digo a mí mismo que probablemente no fue nada afuera.","Quiero llamar a mi amigo para que regrese pronto a casa, pero decirme a mí mismo que puedo enfrentar mi miedo y que la ansiedad desaparecerá."
Salud Física,Salud Mental,,Serpientes en el parque,Tu amigo te convence para dar un paseo por un parque local. Has oído que hay serpientes venenosas en ese parque.,https://drive.google.com/file/d/1rfdNbyue77FhReHqNOVYVUC1cUTvMa-9/view?usp=sharing,https://raw.githubusercontent.com/TeachmanLab/MindtrailsMobile_Resources/main/HTC/protocols/Spanish/media/images/park_1.jpg,Tengo muchas ganas de hablar con mi amigo.,Será agradable caminar por el parque.,¡Me va a morder una serpiente!,"Aunque he oído que puede haber serpientes en el parque, creo que es poco probable que vea una. ","Realmente no tengo muchas ganas de ir al parque que podría tener serpientes, pero sé que puedo tolerar mis sentimientos de ansiedad.",Estoy feliz de que mi amigo me haya pedido que saliéramos a caminar.,Estoy tranquila pensando en ir al parque.,Tengo miedo de que me pase algo malo.,"Me da ansiedad que me muerdan, pero recuerdo que ese es el peor de los casos y que probablemente no sucederá.","Estoy preocupado por lo que veremos en el parque, pero sé que puedo soportar sentirme un poco preocupado.",Le digo a mi amigo que estoy listo para partir.,Me pongo una chaqueta y salgo.,Llamo a mi amigo y le digo que de repente estoy ocupado.,"Quiero decirle a mi amigo que no puedo ir, pero me esfuerzo por ir al parque de todos modos. ","Pienso en decirle a mi amigo que deberíamos ir a caminar a otro lugar, pero decido que estará bien si caminamos por el parque."
Salud Física,Salud Mental,,Serpientes en el parque,Tu amigo te convence para dar un paseo por un parque local. Has oído que hay serpientes venenosas en ese parque.,https://drive.google.com/file/d/1rfdNbyue77FhReHqNOVYVUC1cUTvMa-9/view?usp=sharing,https://raw.githubusercontent.com/TeachmanLab/MindtrailsMobile_Resources/main/HTC/protocols/Spanish/media/images/park_1.jpg,El clima es realmente agradable.,Me gusta hablar con este amigo.,Voy a morir si me muerde una serpiente.,"Aunque me incomoda pensar en las serpientes en el parque, sé que puedo ir al parque de todos modos. ","Pienso en decirle a mi amigo que he cambiado de opinión, pero voy con él de todos modos. ",Estoy emocionado de ponerme al día con mi amigo.,Estoy ansioso por contarle a mi amigo lo que pasó hoy en el trabajo.,Me preocupa mucho ver una serpiente.,"Tengo miedo de ir al parque, pero luego me doy cuenta de que nunca he oído que alguien haya sido mordido en ese parque. ","Estoy ansioso pensando en que me muerda una serpiente, pero sepan que estaré bien en esta caminata.",Me pongo los zapatos y salgo por la puerta.,Me encuentro con mi amigo en la entrada del parque.,Le digo a mi amigo que no me siento bien y que no puedo ir.,"Quiero evitar ir al parque, pero desafiarme a ir. ","Considero abandonar a mi amigo, pero me obligo a seguir caminando de todos modos. "
Académicos/Trabajo/Desarrollo Profesional,Situaciones Sociales,,Respondiendo una pregunta,"En una reunión con algunos colegas y su jefe, su jefe le pide que responda una pregunta. Dices tu mejor respuesta y tus compañeros de trabajo guardan silencio.",https://drive.google.com/file/d/1MIRt_i8n5z7nk9CNWYXVsQ6oMzfE70xz/view?usp=sharing,https://raw.githubusercontent.com/TeachmanLab/MindtrailsMobile_Resources/main/HTC/protocols/Spanish/media/images/unusual.jpg,Mi respuesta fue reflexiva.,Fue agradable poder compartir lo que pienso.,Mis compañeros de trabajo están juzgando mi respuesta.,"Mi respuesta me pareció tonta porque no entendí la pregunta, pero nadie se acordará mañana.","No comuniqué mi punto tan bien como me hubiera gustado esta vez, pero sé que tendré más oportunidades de hablar en el futuro.",Me alegra que mi jefe me haya dado la oportunidad de compartir mi respuesta.,Estoy satisfecho con la forma en que expresé mi respuesta.,me asusté al contestar,"Estoy decepcionado conmigo mismo porque no pude decir lo que quería decir, pero creo que mi jefe entendió mi punto. ","Estaba muy ansiosa mientras respondía, pero pude controlar mis sentimientos.",Sonrío y me siento.,Me aseguraré de estar más preparado antes de la próxima reunión.,No volveré a hablar en las reuniones.,"Siento que debería contar una broma para que mis compañeros de trabajo se olviden de mi respuesta, pero no lo hacen.","Quiero llorar, pero me tomo un momento para calmarme y concentrarme en la siguiente pregunta. "
Académicos/Trabajo/Desarrollo Profesional,Situaciones Sociales,,Respondiendo una pregunta,"En una reunión con algunos colegas y su jefe, su jefe le pide que responda una pregunta. Dices tu mejor respuesta y tus compañeros guardan silencio.",https://drive.google.com/file/d/1MIRt_i8n5z7nk9CNWYXVsQ6oMzfE70xz/view?usp=sharing,https://raw.githubusercontent.com/TeachmanLab/MindtrailsMobile_Resources/main/HTC/protocols/Spanish/media/images/unusual.jpg,Mi respuesta fue inteligente.,Estoy feliz de haber podido hablar en mi reunión.,Todos piensan que mi respuesta es incorrecta.,"Puede que mi respuesta no haya sido correcta, pero está bien. ","Lo que dije no fue perfecto, pero mis colegas probablemente no lo notaron. ",Me alegra que mis compañeros de trabajo puedan escuchar mi respuesta.,Me siento inteligente acerca de cómo navegué por la pregunta.,Me sentí cohibido al responder.,"Me avergüenza que mi respuesta haya sonado mal, pero todo el mundo tiene momentos así. ","Me entristeció no poder dar una mejor respuesta, pero siempre hay una próxima vez. ",Tomo notas de la respuesta de mi jefe a mi respuesta.,Me relajo después de decir mi respuesta.,Salgo de la reunión y voy al baño para evitar a mis compañeros.,"Quiero disculparme por mi mala respuesta, pero no lo hago.","Quiero taparme la cara, pero decido mirar a mi jefe. "
Académicos/Trabajo/Desarrollo Profesional,,,haciendo lo mejor que puedas,"Vas a presentar tu progreso en un proyecto a tu jefe la próxima semana. Tu vida personal ha sido agitada últimamente y no has tenido mucho tiempo para dedicarle al proyecto, lo que te deja con menos actualizaciones que informar de lo habitual.",https://drive.google.com/file/d/1t-026y6XP-pi4gVvjftcxLh5fk0RnpcL/view?usp=sharing,https://raw.githubusercontent.com/TeachmanLab/MindtrailsMobile_Resources/main/HTC/protocols/Spanish/media/images/progressreport.jpg,Soy un buen empleado.,Haré lo mejor que pueda para progresar la próxima semana.,Me da pereza no trabajar más.,"Puede que mi jefe no esté impresionado con mi progreso, pero puedo progresar más la próxima vez.","Incluso si obtengo un mal desempeño en un informe de progreso, eso no significa que perderé mi trabajo. ",Estoy seguro de que puedo contarle a mi jefe lo que ha estado pasando.,Me siento bien con cómo me ha ido en este trabajo hasta ahora.,Tengo miedo de que mi jefe se sienta decepcionado de mí.,"Me da vergüenza presentarle mi trabajo a mi jefe, pero ese sentimiento pasará. ","Estoy nervioso por la presentación, pero podré manejarlo. ",Le diré a mi jefe por qué no he podido avanzar mucho.,Le diré a mi jefe por qué no he podido avanzar mucho.,Evitaré trabajar en el informe cuando me sienta ansioso.,"Quiero evitar pedir ayuda, pero de todos modos me comunico con mi jefe.","Realmente no quiero trabajar horas extra, pero lo haré de todos modos porque sé que será útil para el informe. "
Situaciones Sociales,,,Sentado en el autobús,Estás sentado en el autobús y ves subir a tu amigo. Pasan junto a ti y se sientan con otro amigo.,https://drive.google.com/file/d/1jV1VtMwZ0-4W-NqPIDF35GXXbAIeBiM8/view?usp=sharing,https://raw.githubusercontent.com/TeachmanLab/MindtrailsMobile_Resources/main/HTC/protocols/Spanish/media/images/bus2.jpg,Puedo sentarme aquí solo por el resto del viaje.,Probablemente mi amigo tenía algo de qué hablar con el otro amigo.,Mi amigo pasó junto a mí a propósito.,"Siento que mi amigo está enojado conmigo, pero habría dicho algo. ","Realmente no me gusta sentarme sola, pero sé que puedo soportar este corto viaje en autobús. ",Estoy emocionado de ver a mis otros amigos y colegas en el trabajo hoy.,Me alegra que sea un corto viaje en autobús.,Estoy molesto con mi amigo en este momento.,"Tengo miedo de que la gente me juzgue, pero recuerdo que mucha gente viaja sola en el autobús.","Me preocupa saber por qué mi amigo pasó junto a mí, pero puedo preguntarle al respecto más tarde.",Llamo a mi amigo y sonrío.,Saco un libro y leo hasta llegar a mi parada.,Empiezo a llorar.,"Querré ignorar a mi amigo el resto del día, pero decido hablar con él.","Quiero poner mi cabeza entre mis rodillas y desaparecer, pero respiro hondo y sonrío. "
Situaciones Sociales,,,Sentado en el autobús,Estás sentado en el autobús y ves subir a tu amigo. Pasan junto a ti y se sientan con otro amigo.,https://drive.google.com/file/d/1jV1VtMwZ0-4W-NqPIDF35GXXbAIeBiM8/view?usp=sharing,https://raw.githubusercontent.com/TeachmanLab/MindtrailsMobile_Resources/main/HTC/protocols/Spanish/media/images/bus2.jpg,Pienso en cómo disfruto pasar tiempo solo durante mi viaje.,Tal vez no hayan tenido la oportunidad de ponerse al día en mucho tiempo.,Mi amigo no me considera su amigo.,"Me siento excluido, pero sé que hay veces que no todos pueden ser incluidos. ","Preferiría tener a mi amigo a mi lado en este viaje en autobús, pero eso no siempre es posible. ",Soy valiente por sentarme solo.,Estoy feliz de que mis amigos estén felices.,Me siento enojado con mi amigo por no sentarse conmigo.,"Me molesta que mi amigo no quiera sentarse conmigo, pero sé que esta situación pasará.","Me molesta pensar que mi amigo está enojado conmigo, pero sé que no debo asumir lo peor.",Saludo a mi amigo cuando pasan.,Empiezo a escribir un diario en mi cuaderno.,Me pongo nervioso y me alejo más de mi amigo.,"Quiero enojarme y sacar el tema tan pronto como nos bajemos del autobús, pero sé que eso no está bien así que le doy algo de tiempo a mi amigo. ","Quiero hablar de esto con mis otros amigos, pero decido guardármelo para mí. "
Situaciones Sociales,,,Granizado derramado,Tú y tus amigos están saliendo a cenar. Llegan tus alimentos y bebidas y accidentalmente derramas tu bebida en la parte delantera de tu nueva camisa blanca.,https://drive.google.com/file/d/16jJWf3eLYQiWH3-6BkyLghQMMaNLxJay/view?usp=sharing,https://raw.githubusercontent.com/TeachmanLab/MindtrailsMobile_Resources/main/HTC/protocols/Spanish/media/images/spill.jpg,Pienso en que este es un accidente común.,Pienso en cómo será una historia divertida.,Creo que quedaré tonto delante de todos.,"Siento que estoy molestando a mis amigos en este momento, pero ellos entenderán que los accidentes ocurren.","Siento que estoy provocando una escena, pero las otras personas aquí no me conocen ni les importa esta situación. ",Me siento tonto y decido reírme de ello.,Me alegro de que esta sea una camisa vieja.,Me siento avergonzado y me dan ganas de irme del centro comercial.,"Estoy muy molesto conmigo mismo, pero puedo superar este sentimiento. ","Me da vergüenza esta mancha, pero a nadie más le importará. ","Limpio la bebida, sonrío y sigo comiendo con mis amigos. ",Me río y pido otra bebida.,Tengo ganas de llorar y salgo del restaurante.,"Quiero irme inmediatamente, pero sé que pronto me olvidaré de la mancha. ","Quiero tirar la comida e irme, pero limpio y sigo comiendo. "
Salud Física,Situaciones Sociales,,Saludando a mis amigos,"Estás afuera en un día fresco y ves a tus amigos en la calle. Decides correr para saludar. Cuando llegas con tus amigos, te quedas sin aliento.",https://drive.google.com/file/d/1Ov4_xFiqnjvKNN5Un7xhg3L3BWieCiaz/view?usp=sharing,https://raw.githubusercontent.com/TeachmanLab/MindtrailsMobile_Resources/main/HTC/protocols/Spanish/media/images/street_1.jpg,Es un buen día para hacer jogging.,Es genial ver a mis amigos.,Siento que voy a morir.,"Creo que mis amigos me juzgan por quedarme sin aliento, pero probablemente ni siquiera se dan cuenta. ","La opresión en mi pecho es realmente incómoda, pero sé que desaparecerá pronto. ",Me siento feliz de ver a mis amigos.,Me siento vigorizado.,Me preocupa estar muy enfermo debido a la opresión en mi pecho.,"Aunque es incómodo sentirse sin aliento, sé que es normal sentirse así después de correr. ","Sentirme sin aliento me recuerda cómo me siento cuando estoy un poco ansioso, lo cual es interesante notar. ",Sonrío cuando veo a mis amigos.,Les pregunto cómo están mis amigos después de recuperar el aliento.,Les digo a mis amigos que no puedo respirar y que necesito ayuda.,"Quiero sentarme en el suelo y evitar hablar hasta que me recupere, pero reconozco mis sentimientos y contengo el aliento. ","Pienso en llamar a mi pareja para asegurarme de que no me estoy muriendo, pero sé que en realidad estoy bien. "
Salud Física,Situaciones Sociales,,Saludando a mis amigos,"Estás afuera en un día fresco y ves a tus amigos en la calle. Decides correr para saludar. Cuando llegas con tus amigos, te quedas sin aliento.",https://drive.google.com/file/d/1Ov4_xFiqnjvKNN5Un7xhg3L3BWieCiaz/view?usp=sharing,https://raw.githubusercontent.com/TeachmanLab/MindtrailsMobile_Resources/main/HTC/protocols/Spanish/media/images/street_1.jpg,Puedo mantener un buen ritmo en este trote.,Está tan hermoso hoy.,Mis amigos pensarán que estoy fuera de forma porque necesito recuperar el aliento.,"Siento que voy a morir por quedarme sin aliento, pero sé que no lo haré. ","Mis amigos podrían juzgarme por jadear un poco cuando llego a ellos, pero probablemente no lo harán. ",Estoy muy emocionado de ver a estos amigos que no he visto en mucho tiempo.,Estoy feliz de poder estirar las piernas.,Me da vergüenza tener que recuperar el aliento cuando veo a mis amigos.,"Me preocupa estar enfermo debido a esta sensación en mi pecho, pero en realidad sé que estoy bien y fue solo el trote. ","Aunque me siento miserable, sé que este sentimiento pasará. ",Me tomo un segundo para recuperar el aliento cuando llego con mis amigos.,Hago un chiste cuando veo a mis amigos.,Intento disimular que mi respiración es pesada.,"Quiero ir a ver a un médico porque me preocupa la opresión que tengo en el pecho, pero sé que esta sensación es normal después de un trote rápido. ","Quiero alejarme rápidamente de mis amigos para que no vean lo sin aliento que estoy, pero sé que esto es normal y no me juzgarán. "
Salud Física,,,Subiendo escaleras,"Te estás reuniendo con tu jefe. Para llegar a tiempo, simplemente subió dos tramos de escaleras rápidamente y sintió que su corazón latía muy rápidamente.",https://drive.google.com/file/d/1UaMY72ruqnun425RYF8wTmUS8luyG_f0/view?usp=sharing,https://raw.githubusercontent.com/TeachmanLab/MindtrailsMobile_Resources/main/HTC/protocols/Spanish/media/images/stairs.jpg,Estoy feliz de llegar a tiempo.,¡Ese fue un mini entrenamiento impresionante!,Estoy tan fuera de forma.,"Quiero pensar en cómo esto podría ser un signo de una condición subyacente, pero probablemente sea solo por las escaleras. ",Pienso en los latidos de mi corazón y decido que es normal teniendo en cuenta la velocidad a la que iba.,Estoy orgulloso de mí mismo por hacerme sentir un poco incómodo.,Me alegro de haber podido subir las escaleras tan rápido.,Tengo pánico de que voy a morir.,"Aunque estoy preocupada por mi salud, decido concentrarme en el momento con mi jefe. ","Quiero sentirme preocupado por esta situación, pero desvío mi atención a la reunión. ",Le sonrío a mi jefe una vez que llego a la reunión.,Respiro profundamente y me concentro en calmarme.,Le pregunto a mi jefe si podría estar sufriendo un infarto.,"Siento la necesidad de buscar mis síntomas en línea, pero recuerdo que sentirme así es normal después de subir muchas escaleras. ",Me recuerdo a mí mismo que debo respirar lentamente unas cuantas veces para volver a centrar mis pensamientos después de sentir la necesidad de llorar.
Situaciones Sociales,,,Salir sin ti,"Estás en el trabajo y escuchas a algunos de tus compañeros de trabajo conversando detrás de ti. Mientras escuchas, te das cuenta de que no te invitaron a una pequeña reunión y que algunos de tus compañeros de trabajo y amigos estaban pasando el rato sin ti. ",https://drive.google.com/file/d/180Vk6BvitDkwytr0yGv0Wb3wtx8-2D8_/view?usp=sharing,https://raw.githubusercontent.com/TeachmanLab/MindtrailsMobile_Resources/main/HTC/protocols/Spanish/media/images/overheard.jpg,Parece que se lo pasaron muy bien.,Es bueno que mis compañeros de trabajo puedan pasar tiempo juntos fuera del trabajo.,Me pregunto si no me invitaron porque piensan que soy aburrido.,"Creo que se habrán olvidado de mí, pero la próxima vez lo recordarán. ","Me pregunto si realmente no les agrado a mis compañeros de trabajo, pero luego me desafío a pensar en momentos en los que todos hemos pasado un buen rato juntos. ",Me siento feliz de que mis compañeros de trabajo se lleven tan bien.,Me emociona saber lo bien que se lo pasaron.,Me da vergüenza no haber sido invitado.,"Me entristece que se hayan olvidado de mí, pero luego me digo a mí mismo que probablemente no pretendían ser malos.","Me preocupa haber perdido todas mis amistades en el lugar de trabajo, pero luego recuerdo que eso no es realista. ",Les digo algo lindo.,Me comunico con uno de mis compañeros de trabajo y le hago saber que me encantaría pasar el rato con él la próxima vez.,Decido evitar hablar con mis compañeros de trabajo cuando sea posible.,"Realmente quiero preguntarles a mis compañeros de trabajo por qué no me invitaron, pero decido que no es necesario preguntar. ","Quiero llorar, pero recuerdo que he salido con algunos de estos amigos y compañeros de trabajo sin que todos estuvieran presentes. "
Situaciones Sociales,,,Salir sin ti,"Estás en el trabajo y escuchas a algunos de tus compañeros de trabajo conversando detrás de ti. Mientras escuchas, te das cuenta de que no te invitaron a una pequeña reunión y que algunos de tus compañeros de trabajo y amigos estaban pasando el rato sin ti. ",https://drive.google.com/file/d/180Vk6BvitDkwytr0yGv0Wb3wtx8-2D8_/view?usp=sharing,https://raw.githubusercontent.com/TeachmanLab/MindtrailsMobile_Resources/main/HTC/protocols/Spanish/media/images/overheard.jpg,Mis compañeros de trabajo se ven muy felices.,Pienso en todos los buenos momentos que he pasado con mis amigos del trabajo.,Creo que querían dejarme fuera de la reunión.,"Me pregunto si me excluyeron intencionalmente, pero recuerdo que pasé tiempo con compañeros de trabajo sin que todos estuvieran allí también.","En realidad, no debo agradarles a mis compañeros de trabajo. Pero sé que ese no es el caso; Tenemos un montón de diversión juntos. ",Estoy tranquilo escuchando lo que hicieron.,Me alegro de tener a estas personas como compañeros de trabajo.,Me entristece que se hayan olvidado de mí.,"Me preocupa que me hayan dejado fuera a propósito, pero recuerda todas las veces que me han incluido. ","Me siento triste, pero decido pensar en los buenos momentos que he pasado con mis amigos del trabajo.",Saludo a mis compañeros de trabajo cuando los veo en nuestra oficina.,Invitaré a algunos de mis compañeros de trabajo a salir más adelante esta semana.,Lloro y pienso en otras ocasiones en las que he sido excluido.,"Quiero ignorarlos por no invitarme, pero recordarme que eso sería infantil. ","Quiero contar chismes sobre lo horrible que fue que no me invitaran, pero decido que eso no sería útil. "
Relaciones Románticas,,,Persona atractiva en las redes sociales.,"Mientras navegas por una aplicación de citas, ves a una persona atractiva que conociste en el supermercado la semana pasada. Decides que te guste su perfil. ",https://drive.google.com/file/d/1cZuUvxfxc9jrn57Y99LQosxbvUvv8V-R/view?usp=sharing,https://raw.githubusercontent.com/TeachmanLab/MindtrailsMobile_Resources/main/HTC/protocols/Spanish/media/images/datingapp.jpg,Espero que podamos continuar la gran conversación que iniciamos en la tienda.,Pienso en cómo podríamos tener una cita.,Esta persona pensará que soy raro por darle me gusta a su perfil.,"Pienso si pensarán que mis fotos son tontas, pero luego me recuerdo a mí mismo que estoy orgulloso de mi perfil. ","Me pregunto si piensan que soy atractiva, pero recuerdo que la apariencia no lo es todo. ",Me siento feliz de que me haya gustado su perfil.,Me siento emocionado porque tengo una perspectiva romántica.,Tengo miedo de nunca encontrar a alguien que esté interesado románticamente en mí.,"Me siento avergonzado por algunas fotografías que tengo subidas, pero decido sentirme seguro de ellas. ","Me da vergüenza que me guste su perfil, pero decido entusiasmarme con la oportunidad.",Les envío un mensaje para iniciar la conversación.,Le cuento a mi amigo lo que me gustó su perfil.,Elimino todas las imágenes que puedan resultar embarazosas.,"Quiero desactivar mi cuenta, pero decido mantenerla. ","Quiero cambiar algunas de mis imágenes, pero mantenerlas igual. "
Académicos/Trabajo/Desarrollo Profesional,Vida Familiar y Doméstica,,Balancear responsibilidades,Tienes muchas tareas domésticas que hacer esta noche y también tienes un gran proyecto que debes entregar mañana. Ambos tienen que hacerse y usted piensa en cómo manejará todo.,https://drive.google.com/file/d/1I4HOF2-6lL6iKdgXECEzDily8_OIvcnT/view?usp=sharing,https://raw.githubusercontent.com/TeachmanLab/MindtrailsMobile_Resources/main/HTC/protocols/Spanish/media/images/dishes.jpg,Puedo gestionar ambas tareas.,Creo que esto me ayudará a organizarme cuidadosamente en el futuro.,No creo que pueda realizar todas estas tareas.,"Odio sentir que tengo mucho que hacer, pero haré lo mejor que pueda para hacerlo todo. ","Creo que esto es demasiado trabajo, pero considere lo bien que se sentirá cuando esté todo terminado.",Me emociona escuchar a mi artista favorito mientras hago mis quehaceres.,Estoy tranquila mientras priorizo ​​mis tareas domésticas y mi proyecto.,Estoy ansioso por poder hacer todo.,"Aunque me siento abrumado, intento sentirme agradecido por el trabajo que tengo y por la casa en la que vivo.","Me siento molesto por todo lo que tengo que hacer, pero me imagino cómo se sentirá tenerlo todo logrado. ",Empiezo con las tareas del hogar.,Empiezo con el proyecto primero.,Me siento y no hago nada.,"Solo quiero ser perezoso y tomar una siesta, pero decido comenzar con una tarea. ","Quiero evitar todas las tareas, pero decido hacer un horario para ayudarme a organizar mi tiempo. "
Académicos/Trabajo/Desarrollo Profesional,Vida Familiar y Doméstica,,Balancear responsibilidades,Tienes muchas tareas domésticas que hacer esta noche y también tienes un gran proyecto que debes entregar mañana. Ambos tienen que hacerse y usted piensa en cómo manejará todo.,https://drive.google.com/file/d/1I4HOF2-6lL6iKdgXECEzDily8_OIvcnT/view?usp=sharing,https://raw.githubusercontent.com/TeachmanLab/MindtrailsMobile_Resources/main/HTC/protocols/Spanish/media/images/dishes.jpg,Pienso en lo maravilloso que es estar ocupado.,Puedo equilibrar mucho.,No voy a poder hacer todo esto esta noche.,"Es abrumador tener tanto que hacer, pero puedo hacerlo de una en una. ","No sé cómo voy a encajar todo esto esta noche, pero puedo hacer un plan. ",Estoy tranquilo mientras descubro cómo hacer todo esta noche.,Me emociona descubrir nueva música mientras hago las tareas del hogar.,Tengo un nudo en el estómago porque no sé si haré mi trabajo.,"Siento que no quiero hacer nada, pero sé que será maravilloso haber realizado estas tareas. ","Me siento frustrado por la falta de tiempo, pero sé que una vez que empiece, todo empezará a fluir. ",Describo un cronograma a seguir.,Como un refrigerio y luego empiezo con las tareas del hogar primero.,Me quejo de lo mucho que tengo que hacer.,"Me siento y empiezo a evitar tanto las tareas del hogar como mi proyecto, pero decido hacer lo correcto y me levanto para comenzar la primera tarea.","Lo pospongo para llamar a un amigo, pero decido comenzar con las tareas del hogar después. "
Situaciones Sociales,Finanzas,,el regalo de cumpleaños,Tu amigo va a celebrar una gran fiesta de cumpleaños y la mayoría de las personas de tu grupo de amigos estarán allí. Muchos de tus amigos son más ricos que tú y pueden permitirse el lujo de hacer regalos más caros.,https://drive.google.com/file/d/1FK97F0rS8LTIXbo5OdxVuIloeA1-jeHr/view?usp=sharing,https://raw.githubusercontent.com/TeachmanLab/MindtrailsMobile_Resources/main/HTC/protocols/Spanish/media/images/bdaypresents.jpg,Creo que mi amigo estará feliz de verme.,Tengo muchas ganas de celebrarlo con amigos.,Mi amigo se sentirá decepcionado con el regalo que puedo permitirme llevarle.,"Creo que soy un mal amigo, pero sé que el regalo que traigo es considerado. ","Supongo que todos trajeron un regalo caro, pero en realidad no sé si eso es cierto.",Me siento agradecido de haber sido invitado.,Me siento emocionado de que comience la fiesta.,Me siento triste porque no gano tanto dinero como mis amigos.,"Me siento avergonzado, pero decido que los obsequios bien pensados ​​son más significativos que los caros.","Me siento culpable por traer un regalo más barato, pero recuerdo que mi amigo probablemente aún lo apreciará.",Yo me quedo en la fiesta.,Entro y abrazo a mi amigo.,Decido quedarme una hora y salir.,"Quiero irme antes de que abran los regalos, pero decido quedarme. ","Pienso en mentir que olvidé el regalo en casa, pero se lo doy a mi amiga."
Vida Familiar y Doméstica,Salud Física,,Miembro de la familia de edad avanzada,Vas a la casa de tus padres por primera vez en mucho tiempo y notas que tu padre parece mucho menos saludable de lo que recuerdas. Ninguno de tus padres menciona nada sobre su salud.,https://drive.google.com/file/d/1--Dsh79NQFoIe97rn3Clv7DVEK8PAaTM/view?usp=sharing,https://raw.githubusercontent.com/TeachmanLab/MindtrailsMobile_Resources/main/HTC/protocols/Spanish/media/images/older.jpg,Quiero aprovechar al máximo mi tiempo con mi padre.,Está feliz de verme.,Mi padre debe estar muriendo.,"Pienso en lo miserable que seré cuando él fallezca, pero luego me recuerdo a mí mismo que hoy debo disfrutar mi tiempo con él. ","Mis padres deben estar guardando un secreto sobre su salud, pero luego me dicen que todo el mundo envejece. ",Me siento feliz de ver a mi padre.,Me siento emocionado de ponerlo al día con todas las cosas nuevas que están sucediendo en mi vida.,Me preocupa cómo se ve.,"Tengo miedo de perderlo, pero sé que puedo soportar el dolor. ","Me siento ansioso por su salud, pero tolero la ansiedad. ",Decido darle un gran abrazo y sonreír.,Hago una broma divertida para hacer reír a mis padres.,No hablo con mis padres porque no me dijeron que estaba enfermo.,"Quiero irme y llorar, pero decido quedarme con la familia y conversar. ",Noto mi tristeza pero le pregunto amablemente a mi padre cómo está y acepto cualquier respuesta que me dé.
Vida Familiar y Doméstica,Salud Física,,Miembro de la familia de edad avanzada,Vas a la casa de tus padres por primera vez en mucho tiempo y notas que tu padre parece mucho menos saludable de lo que recuerdas. Ninguno de tus padres menciona nada sobre su salud.,https://drive.google.com/file/d/1--Dsh79NQFoIe97rn3Clv7DVEK8PAaTM/view?usp=sharing,https://raw.githubusercontent.com/TeachmanLab/MindtrailsMobile_Resources/main/HTC/protocols/Spanish/media/images/older.jpg,Se ve muy feliz de estar con la familia.,Mi padre se alegra de que esté de visita.,Probablemente fallezca pronto.,"Me pregunto qué estará pasando con su salud, pero me tranquilizo sabiendo que mi familia lo cuida. ","Pienso si mis padres me están ocultando algo, pero me digo a mí mismo que no puedo controlar la salud de mi padre. ",Estoy agradecido de poder pasar tiempo con mi padre.,Me emociona que mi padre esté entablando una conversación.,Me inquieta la apariencia de mi padre.,"Empiezo a sentirme enojado por cómo está envejeciendo, pero sé que esto es parte de la vida y no puedo cambiarlo. ","Me siento ansioso y empiezo a pensar demasiado en lo que podría estar mal, pero recuerdo que no puedo controlar su salud.",Empiezo a conversar con mi familia.,Me río de una tontería que dijo mi padre.,Evito pensar en su salud.,"Quiero interrogar a la familia sobre su salud, pero decido disfrutar de la reunión. ","Siento la necesidad de preguntarle sobre su salud, pero respiro hondo y escucho lo que habla mi familia ahora sabiendo que hay una razón por la que no me han dicho nada. "
Vida Familiar y Doméstica,Salud Mental,,araña perdida,"Cuando entras a la ducha, ves una enorme araña en la pared. Te das la vuelta por un segundo, miras hacia atrás y te das cuenta de que ya no está. ",https://drive.google.com/file/d/1EUMVkI6asoBt7l80JfW7XQ4KWT27fZDe/view?usp=sharing,https://raw.githubusercontent.com/TeachmanLab/MindtrailsMobile_Resources/main/HTC/protocols/Spanish/media/images/shower.jpg,Los movimientos de la araña son realmente interesantes.,La araña no me va a hacer daño.,¡Me va a saltar encima!,"Pienso en todos los lugares donde podría estar la araña, pero no puedo controlar lo que está haciendo.","Pienso en lo aterradora que parecía la araña, pero también en lo pequeña que era en realidad. ",Me sentiré tan renovado después de esta ducha.,Agradezco que la araña esté aquí para comerse otros insectos en mi casa.,Me preocupa saber dónde se arrastrará la araña a continuación.,"Estoy nervioso por la araña, pero recuerdo que probablemente ella me tenga más miedo.","Me siento asustado, pero sé que soy lo suficientemente valiente como para ducharme de todos modos.",Pongo mi canción favorita y me meto en la ducha.,Sigo con mi rutina de baño.,Salgo del baño inmediatamente y no me ducho.,"Quiero huir, pero decido quedarme y enfrentar mis miedos.","Quiero gritar, pero en lugar de eso, muevo suavemente a la araña afuera."
Relaciones Románticas,Situaciones Sociales,,bebida derramada,"Tienes una cita en una cafetería con una persona que realmente te gusta. Mientras regresas a la mesa, tropiezas, te caes y derramas café por todos lados.",https://drive.google.com/file/d/1ijt0ecisBDCbnP9iQ5cHp7WQlGPwmTpO/view?usp=sharing,https://raw.githubusercontent.com/TeachmanLab/MindtrailsMobile_Resources/main/HTC/protocols/Spanish/media/images/coffee.jpg,Probablemente esto le haya pasado a mucha gente.,¡Esto será una gran manera de romper el hielo cuando empiece a hablar con mi cita!,Parezco un total torpe frente a mi cita.,"Mi cita podría pensar que soy un poco torpe, pero probablemente no les importe. ","Ojalá hubiera sido un poco más cuidadoso, pero soy humano y sucede.",Me siento afortunada de no haberme lastimado.,Estoy seguro de que tendremos una gran conversación.,Me siento como un tonto.,"Me molesta que la cita haya comenzado de esta manera, pero podría ayudarnos a sentirnos más cómodos hablando entre nosotros.","Me da vergüenza haber tropezado frente a mi cita, pero este sentimiento pasará.",Me río con mi cita por mi derrame.,Limpio y compro otro café.,Termino la cita antes porque me da mucha vergüenza.,"Siento la necesidad de evitar hablar con mi cita después de esto, pero decido preguntarles si quieren volver a salir.","Tengo ganas de llorar, pero respiro hondo. "
Relaciones Románticas,Vida Familiar y Doméstica,,Puntos de vista opuestos,"Tanto usted como su pareja tienen opiniones firmes y no siempre están de acuerdo. Una noche, durante la cena, entablas una acalorada discusión sobre un tema que te apasiona.",https://drive.google.com/file/d/1CY5PLw_DW_F4ZZCed1eIaQEOb-3QH5ru/view?usp=sharing,https://raw.githubusercontent.com/TeachmanLab/MindtrailsMobile_Resources/main/HTC/protocols/Spanish/media/images/dinnerdate.jpg,Éste es un tema muy importante que debemos debatir.,Mi pareja es realmente inteligente y reflexiva.,Nuestra relación va a terminar por esta discusión.,"Creo que tengo razón, pero elijo aceptar que es posible que no estemos de acuerdo en este punto.","Incluso cuando mi pareja y yo estamos enojados el uno con el otro, sé que todavía nos preocupamos profundamente el uno por el otro.",Estoy agradecido de tener un socio que se preocupa tanto por temas importantes.,Me siento respetado cuando discutimos nuestras diferencias de opinión.,Me enfurece que no estemos de acuerdo en esto.,"Estoy molesto porque nos peleamos, pero tengo la esperanza de que podamos salir adelante. ","Me decepciona que no estemos de acuerdo en este punto, pero sé que es normal que las parejas tengan desacuerdos. ",Intento ver las cosas desde la perspectiva de mi pareja para entender de dónde vienen.,Explico mis puntos de vista con calma y claridad.,Amenazo con romper con mi pareja si no está de acuerdo conmigo.,"Quiero gritarle a mi pareja, pero me tomo unos minutos para calmarme antes de volver a la conversación.","Quiero encerrarme en mi habitación, pero decido que evitar a mi pareja no será útil a largo plazo."
Finanzas,Vida Familiar y Doméstica,,Administrar facturas,El pago de su hipoteca vence pronto y también tendrá que pagar algunas facturas médicas inesperadas. Tu presupuesto es ajustado este mes y piensas en cómo podrás afrontar todo esto.,https://drive.google.com/file/d/1uK9xKfyrNjXoEwvNPCJiCLHI5qN7JAcc/view?usp=sharing,https://raw.githubusercontent.com/TeachmanLab/MindtrailsMobile_Resources/main/HTC/protocols/Spanish/media/images/bills_1.jpg,Puedo encontrar una manera de manejar esto.,He enfrentado con éxito desafíos financieros en el pasado y puedo hacerlo de nuevo ahora.,Nunca podré permitirme todo esto.,"Esta es una situación difícil, pero no tendré todos estos gastos todos los meses.","Creo que no hay solución para este problema, pero doy un paso atrás y pienso en mis opciones.",Confío en mi capacidad para encontrar una solución.,Estoy orgulloso de mí mismo por manejar una situación financiera difícil.,Me siento completamente bajo el agua.,"Me preocupa no poder ahorrar dinero este mes, pero tengo la esperanza de poder ahorrar en el futuro.",Estoy realmente frustrado porque todo esto está sucediendo al mismo tiempo y reconozco que está bien sentirse así.,Le pido ayuda a un amigo para idear un plan.,Hablo con mi compañía de seguros sobre las opciones de pago.,Me siento y no hago nada.,"Solo quiero ser perezoso y tomar una siesta, pero decido empezar a hacer un plan.","Quiero evitar lidiar con esta situación, pero decido hacer un presupuesto para ayudarme a organizar mis finanzas. "
Finanzas,Vida Familiar y Doméstica,,Responsibilidad financiera,Su pareja estuvo en el hospital recientemente y usted ha estado ayudando a pagar sus facturas médicas. Te preguntas qué significará esto para tus finanzas en el futuro.,https://drive.google.com/file/d/17vlVtB08gJECMAm112EAZx3aEOV-ajTK/view?usp=sharing,https://raw.githubusercontent.com/TeachmanLab/MindtrailsMobile_Resources/main/HTC/protocols/Spanish/media/images/hospital.jpg,Mi pareja es muy fuerte.,Vamos a salir de esto.,Nos vamos a quedar sin dinero para pagar estas facturas.,"Pienso en lo desafiante que es esta situación, pero recuerdo que no durará para siempre. ","Intento imaginar cómo se podría haber evitado esto, pero acepto que mi pareja necesitaba estar en el hospital. ",Estoy encantada de que mi pareja haya salido del hospital.,Confío en nuestro plan para manejar esta situación.,Me aterroriza pensar que nunca nos recuperaremos financieramente de esto.,"Tengo miedo de lo que esto significa para mis finanzas, pero confío en que lo resolveremos. ","La incertidumbre de esta situación es incómoda, pero puedo tolerarla.",Hablo con mi pareja sobre nuestras finanzas y hago un plan.,Ajusto mi presupuesto para poder estar preparado para situaciones como esta en el futuro.,Evito lidiar con las facturas médicas.,"Quiero evitar la situación, pero elijo afrontarla de frente.","Quiero enterrar mis emociones, pero decido compartir cómo me siento con mi pareja. "